volid,reviewed,obscure,pubdate,birthdate,gender,nation,allwords,logistic,author,title,pubname,actually,realclass
loc.ark+=13960=t1gj02d1m,not,obscure,1854,1807,f,us,39919,0.433576697705,"Hewitt, Mary E.",Poems,,random,0
uc1.b274909,rev,known,1861,1821,f,uk,51722,0.613803788344,"Greenwell, Dora,",Poems,WR,reviewed,1
inu.30000108907506,not,obscure,1847,1794,m,us,70345,0.344373369384,"Tappan, William B.",Sacred and miscellaneous poems,,random,0
uc2.ark+=13960=t7zk5876h,not,obscure,1823,1800,m,us,11661,0.322512989038,"Bancroft, George,",Poems,,random,0
uc2.ark+=13960=t4gm86m20,rev,known,1859,1814,m,uk,26310,0.541324610937,"Hedderwick, James,",Lays of Middle Age,WR,reviewed,1
uc1.b3332871,rev,known,1914,1862,m,us,23255,0.393262229653,"Bangs, John Kendrick,",The foothills of Parnassus,PMV,reviewed,1
loc.ark+=13960=t01z4r32p,not,obscure,1914,1870,m,us,22475,0.443654130661,"Hewes, Charles Edwin,",Songs of the Rockies,,random,0
uc2.ark+=13960=t1sf2qq5z,rev,known,1828,1807,m,uk,22704,0.451054208977,"Montgomery, Robert,",The omnipresence of the Deity,ER,reviewed,1
nyp.33433076030273,rev,known,1842,1818,m,us,74981,0.511147885685,"Colton, George H.",Tecumseh;,GrM,reviewed,1
nyp.33433074874185,rev,known,1839,1806,m,uk,31042,0.549886993754,"Sterling, John,",Poems,QR,reviewed,1
loc.ark+=13960=t3902s17h,not,obscure,1918,1884,m,us,12437,0.486021955818,"Gruse, Edward.",Echoes of democracy,,random,0
loc.ark+=13960=t7wm1rg17,not,obscure,1907,0,f,us,15900,0.665428372224,"Johnson, Felicia Ross. [from old catalog]",Seamstress and poet,,random,0
nyp.33433075790711,not,obscure,1914,1873,m,us,12686,0.38086654624,"Fisher, Benjamin Franklin,",Life harmonies,,random,0
uc2.ark+=13960=t21c1v39v,rev,known,1866,1807,m,us,4143,0.604104813278,"Longfellow, Henry Wadsworth,",Flower-de-luce,ATL,"Norton, in-set",1
loc.ark+=13960=t1jh41981,not,obscure,1853,0,m,us,3449,0.494583532885,"Buchanan, William B.","Baltimore, or, Long, long time ago",,random,0
loc.ark+=13960=t85h85q7m,not,obscure,1901,1870,f,us,27775,0.34054055202,"Heyer, Mary B.",Under the southern sun [poems],,random,0
loc.ark+=13960=t9183w60x,not,obscure,1895,1846,m,us,34447,0.476476189552,"Savage, Richard,",After many years,,random,0
uc1.b182525,rev,known,1872,1830,m,us,42647,0.631285952758,"Hayne, Paul Hamilton,",Legends and lyrics,ATL,reviewed,1
uc2.ark+=13960=t23b6296r,rev,known,1898,1866,f,uk,13580,0.657330120377,"Shorter, Dora Sigerson,",The fairy changeling and other poems,FR,reviewed,1
mdp.39015065460522,not,obscure,1875,1811,m,uk,35961,0.364990427151,"Moffat, James C.",Alwyn,,random,0
uc2.ark+=13960=t0dv1cw73,not,obscure,1891,0,m,,12568,0.540128124951,"Irvine, J. P.",The green leaf and the gray,,random,0
loc.ark+=13960=t6k07vz1r,not,obscure,1890,0,m,us,906,0.36618695899,"Stone, Jasper Jay. [from old catalog]",The veteran's qualifications for civil service,,random,0
loc.ark+=13960=t77s85d09,not,obscure,1901,1855,m,us,10155,0.426235304733,"Dunham, Sam C.",The goldsmith of Nome,,random,0
uc2.ark+=13960=t8mc8v73b,rev,obscure,1900,1846,m,us,13758,0.566704316649,"Mifflin, Lloyd,",The fields of dawn and later sonnets,ATL,reviewed,1
uc2.ark+=13960=t9v121d4v,not,obscure,1869,0,,,15112,0.344693684377,"Ethelburga, O. S. B.","In coelo quies, and other poems",,random,0
nyp.33433082209572,not,obscure,1901,1815,m,us,16115,0.29531051071,"Edgar, Timothy Bloomfield.","Poems, rhymes, and sayings",,random,0
uc2.ark+=13960=t6g160f1q,not,obscure,1881,1806,m,uk,54982,0.310604715102,"Thomson, David,",Musings among the heather,,random,0
njp.32101067487577,rev,known,1892,1865,m,uk,31241,0.635419174491,"Yeats, W. B.",Wanderings of Oisin,FR,"Norton, in-set",1
uc1.b4104953,rev,known,1832,1794,m,us,46181,0.519810793678,"Bryant, William Cullen,",Poems,GrM,"Norton, in-set",1
nyp.33433074962709,not,obscure,1860,1824,m,us,40077,0.432487782868,"Valentine, Mann Satterwhite,",The mock auction,,random,0
loc.ark+=13960=t4xh06r18,not,known,1855,1836,m,us,12493,0.423956814658,"Winter, William,",Poems,,random,0
uc1.b4100590,rev,known,1918,1898,m,uk,6579,0.70331911551,"Waugh, Alec,",Resentment,EGO,reviewed,1
loc.ark+=13960=t77s8814j,not,obscure,1850,0,m,,21014,0.51741499223,"Parker, Henry W.",Poems,,random,0
uc1.b182470,not,obscure,1833,1813,m,uk,17902,0.423753523582,"Graham, John,",A vision of fair spirits,,random,0
loc.ark+=13960=t04x5sr13,rev,known,1912,1893,m,us,15011,0.669172404637,"Smith, Clark Ashton,",The star-treader,PMV,reviewed,1
uc2.ark+=13960=t9959d062,rev,known,1869,1819,m,us,38194,0.625247241166,"Lowell, James Russell,",Under the willows,FR,"Norton, in-set",1
loc.ark+=13960=t1fj2t30n,not,obscure,1892,0,,,4115,0.417999913625,"Rowley, A. A. [from old catalog]",Kansas campaign songs,,random,0
loc.ark+=13960=t50g4bb04,not,obscure,1900,0,,,4198,0.292175898681,"Dickson, William Bradford. [from old catalog]",Psalms of soul,,random,0
nyp.33433066637236,not,obscure,1886,1823,m,us,12421,0.385204825429,"Harris, Thomas Lake,",The joy-bringer,,random,0
inu.39000001277370,not,obscure,1853,1818,m,uk,38231,0.448518390778,"Hollingsworth, Alfred Johnstone,",The poetical works of the late Alfred Johnstone Hollingsworth,,random,0
loc.ark+=13960=t55d9qp4v,not,obscure,1903,0,,,10522,0.336651106503,"Kelley, N. P. [from old catalog]",Poems,,random,0
uc2.ark+=13960=t7jq10136,rev,known,1831,1774,m,uk,32273,0.339788040502,"Jones, John,",Attempts in verse,ER,reviewed,1
uc1.b119720,not,obscure,1875,1829,m,uk,28388,0.51705164998,"Veitch, John,","The Tweed, and Other Poems",,random,0
uc1.b167385,rev,known,1896,1871,f,uk,21956,0.705019664026,"Chesson, Nora,",Under quicken boughs,FR,reviewed,1
njp.32101066456896,rev,known,1856,1801,f,uk,30583,0.556626021968,"Clive, Caroline,",Poems,ER,reviewed,1
loc.ark+=13960=t7vm4v20f,not,obscure,1887,1824,m,us,23610,0.392416606908,"Williams, Dwight,","The beautiful city in song, and other poems",,random,0
uc2.ark+=13960=t6d221h2q,not,obscure,1911,0,,,4780,0.394102831479,"Phipps, Sarah Metcalf.",Thoughts in rhyme,,random,0
uc2.ark+=13960=t7hq3sh5d,not,obscure,1911,1840,m,us,23143,0.530295958377,"Barnard, William Francis.","The tongues of toil, and other poems",,random,0
njp.32101067680247,not,obscure,1918,1867,f,uk,25885,0.596682715435,"Carmichael, Amy,",Made in the pans,,random,0
wu.89098029051,not,obscure,1886,1839,f,us,24996,0.452149795556,"Henry, S. M. I.",The marble cross,,random,0
uc2.ark+=13960=t2h70bw5m,not,obscure,1851,1813,m,us,25699,0.382337231837,"Tuckerman, Henry T.",Poems,,random,0
uc2.ark+=13960=t0tq5tm1v,not,obscure,1862,1801,m,uk,47906,0.37127100305,"Kinloch, William Penney,",Time's treasure;,,random,0
loc.ark+=13960=t80k2xx3b,not,obscure,1870,0,m,us,39412,0.442813587038,"Henck, George Lewis. [from old catalog]",Poems,,random,0
uc1.b158313,rev,known,1852,1823,m,us,23467,0.558636093282,"Boker, George H.",The Podesta's Daughter,GrM,reviewed,1
njp.32101067707651,not,obscure,1874,1848,m,uk,4981,0.608772484725,"Beck, Edward Anthony,",The Holy sepulchre,,random,0
loc.ark+=13960=t24b3p10w,not,obscure,1842,0,m,us,23323,0.253924850584,"Smith, Benjamin","Poems, moral and religious",,random,0
loc.ark+=13960=t63494g1k,not,obscure,1907,1876,m,us,4785,0.490956730201,"Creel, George,",Quatrains of Christ,,random,0
nyp.33433066650874,rev,known,1912,1876,m,us,22359,0.597417206648,"Leonard, William Ellery,",The vaunt of man;,PMV,reviewed,1
uc2.ark+=13960=t5p848b89,not,obscure,1914,1828,m,uk,7897,0.436517024008,"Bonus, John,",Thoughts in verse for my friends,,random,0
uc2.ark+=13960=t5w66g25p,not,obscure,1880,1808,m,uk,56508,0.531007709885,"Turner, Charles Tennyson,","Collected sonnets, old and new",,random,0
loc.ark+=13960=t8ff4k852,not,obscure,1866,1830,m,us,6137,0.272447548549,"Westlake, J. Willis",Success,,random,0
loc.ark+=13960=t0tq6s38g,not,obscure,1913,1877,m,us,14213,0.543001407661,"Malloch, Douglas.",The woods,,random,0
loc.ark+=13960=t0qr59x0m,rev,obscure,1871,1847,m,us,28467,0.433268981052,"Fuller, Edwin W.",The angel in the cloud,ATL,reviewed,1
uc1.b119185,not,obscure,1875,1845,m,uk,55366,0.566121786835,"Anderson, Alexander",The Two Angels,,random,0
uc2.ark+=13960=t1hh6hw20,rev,known,1828,1759,m,uk,14379,0.369316879131,"Sharp, Richard,",Epistles in verse,QR,reviewed,1
njp.32101049721457,not,obscure,1896,1861,m,uk,7802,0.458620963403,"Ainslie, R. St. John",Sedbergh school songs,,random,0
uc2.ark+=13960=t82j69g7s,rev,known,1875,1849,m,us,11060,0.513883554922,"Baker, George Augustus,",Point lace and diamonds,ATL,reviewed,1
uva.x030758864,rev,known,1892,1858,m,us,15012,0.657257868215,"Lüders, Charles Henry,",The dead nymph,ATL,reviewed,1
loc.ark+=13960=t3rv11c37,not,obscure,1889,1849,f,uk,5670,0.417007076151,"Culler, Lucy Yeend.",Violet,,random,0
loc.ark+=13960=t5cc1sf60,not,obscure,1840,0,m,us,4669,0.328222999015,"Page, Theophilus. [from old catalog]",Heavenly musing;,,random,0
mdp.39015013157980,rev,known,1871,1836,f,us,18261,0.711513314061,"[Piatt, Sarah M. B.",A woman's poems,ATL,reviewed,1
uc2.ark+=13960=t9v12890g,rev,known,1857,1821,m,uk,14764,0.477069447236,"Locker-Lampson, Frederick,",London lyrics,ATL,reviewed,1
loc.ark+=13960=t1kh1508t,not,obscure,1864,1790,m,us,3288,0.423761136819,"Halleck, Fitz-Greene,",Young America,,random,0
uc1.$b803433,not,obscure,1873,1813,m,us,5662,0.237857695647,"Ricketson, Daniel,",The factory-bell,,random,0
loc.ark+=13960=t4hm64973,not,obscure,1846,0,m,us,15311,0.399692840434,"Plumer, Wm.",Lyrica sacra,,random,0
hvd.hwpnme,rev,known,1828,1788,m,uk,67915,0.483787786606,"Atherstone, Edwin,",The fall of Nineveh;,ER,reviewed,1
uc2.ark+=13960=t2s46hv0j,rev,known,1850,1807,m,us,14171,0.530108866659,"Whittier, John Greenleaf,",Songs of labor,GrM,"Norton, in-set",1
loc.ark+=13960=t2g740m4m,not,obscure,1870,0,,,17247,0.449018823475,"Atkinson, Mary Ellen.",Ivy leaves,,random,0
njp.32101066458066,not,obscure,1845,1805,m,uk,82764,0.442122902367,"Cooper, Thomas,",The purgatory of suicides,,random,0
uc2.ark+=13960=t7fq9w84p,not,obscure,1893,1811,m,uk,21964,0.583211243114,"Scott, William Bell,",A poet's harvest home,,random,0
mdp.39015063753589,rev,known,1880,1832,m,uk,39898,0.594204023205,"Arnold, Edwin,",Poems,ATL,reviewed,1
nyp.33433066625991,not,obscure,1875,0,,,10647,0.327131051327,"Peckham, P. Annetta.",Welded links,,random,0
loc.ark+=13960=t8w95sb6z,rev,known,1843,1816,m,us,10827,0.410407229995,"Tyler, Robert,",Death,GrM,reviewed,1
mdp.39015048709672,rev,known,1916,1873,m,uk,8180,0.758895826528,"De la Mare, Walter,","The listeners, and other poems",PMV,reviewed,1
uc1.b274748,not,obscure,1870,0,f,us,37123,0.226880718135,"Stephens, Lydia W.",Heart Problems,,random,0
nyp.33433074835962,rev,obscure,1910,1851,f,us,17244,0.633566562391,"Van Rensselaer, Schuyler,",Poems,PMV,reviewed,1
nyp.33433074802640,not,obscure,1897,1843,m,us,14570,0.504411795976,"Young, Claiborne Addison.",Way songs and wanderings,,random,0
hvd.hxdflv,not,obscure,1840,1803,m,us,53687,0.315689409347,"Brown, J. Newton",Emily,,random,0
nyp.33433066657317,not,obscure,1912,0,,,9657,0.667676263977,"Shepard, Mary Norsworthy.",Where it listeth,,random,0
loc.ark+=13960=t3zs39k35,not,obscure,1889,1849,m,us,4309,0.187205851198,"Crosby, Powell R. [from old catalog]","Po Crosby's Labor odes, containing twenty-five beautiful odes",,random,0
nyp.33433075824668,not,obscure,1853,0,m,us,18777,0.360304902441,"Hagen, John Cole.","Foot-prints of truth; or, Voice of humanity",,random,0
njp.32101051387882,not,obscure,1856,0,,uk,9161,0.366967902566,"Charlesworth, E. G.",Poems,,random,0
hvd.hnnzqj,rev,known,1835,1810,m,uk,21608,0.53191359504,"Alford, Henry,",The school of the heart,ER,reviewed,1
loc.ark+=13960=t1qf9763h,rev,known,1842,1807,m,us,12739,0.50905942581,"Longfellow, Henry Wadsworth,",Ballads and other poems,GrM,reviewed,1
uc2.ark+=13960=t76t0hr98,rev,known,1869,1833,m,us,24246,0.578354713313,"Stedman, Edmund Clarence,",The blameless prince,ATL,reviewed,1
njp.32101067300184,not,obscure,1862,1807,m,uk,16887,0.39365646702,"Park, Andrew,",The world,,random,0
njp.32101068972841,not,obscure,1863,0,f,uk,17313,0.590548332154,"Law, Isabella.",Winter weavings,,random,0
uc1.b3315153,rev,known,1875,1811,m,uk,42803,0.647633795937,"Scott, William Bell,",Poems,FR,reviewed,1
uc1.b182952,rev,known,1838,1745,m,uk,52110,0.36513732827,"Morris, Charles,",Lyra urbanica;,BM,reviewed,1
uc1.b158363,rev,known,1824,1777,m,uk,15043,0.480022154237,"Campbell, Thomas,",Theodric,ER,reviewed,1
uc2.ark+=13960=t0rr1v740,rev,known,1833,1805,m,uk,30244,0.302868028815,"Overton, Charles.",Ecclesia anglicana;,ER,reviewed,1
uc2.ark+=13960=t04x56b63,rev,known,1903,1865,f,uk,24057,0.64481662703,"Hope, Laurence,",Stars of the desert,FR,reviewed,1
uc2.ark+=13960=t0vq2xh3w,not,obscure,1869,1841,m,uk,22494,0.619987476889,"Ranking, Boyd Montgomerie Maurice,",Poems,,random,0
uc2.ark+=13960=t3kw57x2q,rev,known,1860,1794,m,us,1023,0.597814725953,"Bryant, William Cullen,",A forest hymn,ATL,"Norton, in-set",1
uc2.ark+=13960=t6736mr5n,not,obscure,1917,1888,m,us,4334,0.649273930136,"Aikins, Carroll.",Poems,,random,0
nyp.33433066569025,not,obscure,1914,1864,m,us,4724,0.53636368316,"Scofield, William Bacon.",Verses,,random,0
hvd.hxdamf,not,obscure,1842,1802,m,us,10927,0.446144513435,"Pierce, Augustus",The rebelliad;,,random,0
uc2.ark+=13960=t9c53mb7v,rev,known,1900,1869,m,uk,10294,0.663743738528,"Binyon, Laurence,",Odes,FR,reviewed,1
loc.ark+=13960=t40s0cg0n,not,obscure,1891,0,m,,39415,0.576288650592,"Stevens, Orrin Cedesman.","An idyl of the sun, and other poems",,random,0
uc2.ark+=13960=t6vx06j62,not,obscure,1873,1849,m,us,39648,0.516892606227,"Saltus, Francis Saltus,",Honey and gall,,random,0
uc2.ark+=13960=t3hx15z6g,not,obscure,1869,1824,m,us,10819,0.547152000643,"Watson, J. W.",Beautiful snow,,random,0
uc2.ark+=13960=t14m95k32,not,obscure,1875,1853,m,uk,33308,0.583835499285,"Waller, Bryan Charles.",The twilight land,,random,0
uc2.ark+=13960=t0qr4p29x,not,obscure,1878,0,,,71708,0.444381865397,"Hopkins, Alphonso A.","Waifs, and their authors",,random,0
uc2.ark+=13960=t1bk1c13v,not,obscure,1875,1841,m,uk,20707,0.610283532429,"Rhoades, James,",Timoleon;,,random,0
uc2.ark+=13960=t90865x9t,rev,obscure,1913,1877,m,uk,46670,0.695329542699,"Helston, John.",Aphrodite,PMV,reviewed,1
uc2.ark+=13960=t57d2rh5g,rev,obscure,1902,1859,m,us,14821,0.511104291602,"Millard, Bailey,",Songs of the press and other adventures in verse,ATL,reviewed,1
dul1.ark+=13960=t84j19z0d,not,obscure,1861,1834,m,us,1684,0.281884950802,"Mangum, A. W.",The holy shield,,random,0
loc.ark+=13960=t0wq0dz13,not,obscure,1872,0,m,us,16251,0.465619073602,"Armstrong, J. A.",Harvest,,random,0
uc2.ark+=13960=t7sn0664h,rev,known,1896,1818,f,uk,90782,0.511903366568,"Alexander, Cecil Frances,",Poems,BM,reviewed,1
uc2.ark+=13960=t6zw19s10,rev,known,1892,1850,m,us,33676,0.494513091875,"Field, Eugene,",Second book of verse,ATL,reviewed,1
uc2.ark+=13960=t2k64b16p,rev,known,1866,1817,m,us,6470,0.339998448783,"Janvier, Francis De Haes,",Patriotic poems,ATL,reviewed,1
nyp.33433075816078,not,obscure,1904,1872,m,us,4354,0.538334749727,"Ehrmann, Max,",Breaking home ties,,random,0
nyp.33433066651120,not,obscure,1912,1871,m,us,13492,0.602152619849,"Lindsey, Frederick Brooks.",The spirit Prospero,,random,0
uc2.ark+=13960=t24b32t74,rev,known,1827,1799,m,uk,34335,0.629074324653,"Hood, Thomas,",The plea of the midsummer fairies,GrM,reviewed,1
mdp.39015065250162,rev,known,1905,1875,f,us,26207,0.634675110179,"Branch, Anna Hempstead,","The shoes that danced, and other poems",ATL,reviewed,1
mdp.39015059548340,rev,known,1871,1837,m,uk,48622,0.69757096915,"Swinburne, Algernon Charles,",Songs before sunrise,FR,"Norton, in-set",1
uc2.ark+=13960=t45q4rv9v,rev,known,1853,1829,m,uk,34325,0.656032231329,"Smith, Alexander,",Poems,ER,reviewed,1
uc2.ark+=13960=t9q23x35j,rev,known,1865,1819,m,uk,25024,0.443441860346,"Capern, Edward,",Wayside warbles,FR,reviewed,1
nyp.33433076034895,not,obscure,1831,1796,m,us,19512,0.567768345792,"Hill, George,",The ruins of Athens,,random,0
nyp.33433074819172,rev,known,1868,1840,m,us,43095,0.583452684014,"Wright, William Bull,",Highland rambles: a poem,ATL,reviewed,1
loc.ark+=13960=t7dr3ch6b,not,obscure,1859,1806,m,us,18393,0.346872024826,"[Hoyt, Ralph],",Echoes of memory and emotion,,random,0
nyp.33433074931332,not,obscure,1864,1800,m,uk,15037,0.56308600681,"Taylor, Henry,",The poetical works,,random,0
uc1.31822038204301,rev,known,1881,1854,m,uk,29952,0.692234727415,"Wilde, Oscar,",Poems,ATL,"Norton, in-set",1
uc2.ark+=13960=t55d8t71f,rev,known,1824,1789,m,uk,23198,0.338795404313,"Conder, Josiah,",Star in the East;,QR,reviewed,1
nyp.33433074914437,rev,known,1835,1770,m,uk,42138,0.478978871947,"Wordsworth, William,",Yarrow revisited,QR,"Norton, in-set",1
nyp.33433044042400,not,obscure,1899,1837,f,us,73465,0.443375575709,"Machar, Agnes Maule,",Lays of the 'True North',,random,0
uc1.b4104728,rev,known,1859,1809,m,uk,47098,0.661045159325,"Tennyson, Alfred Tennyson,",Idyls of the King,WR,"Norton, in-set",1
uc2.ark+=13960=t92807683,rev,known,1913,1886,m,us,25346,0.64463033033,"Wheelock, John Hall,",Love and liberation;,PMV,reviewed,1
loc.ark+=13960=t78s5649n,not,obscure,1866,1821,m,us,6699,0.360910688425,"Fulkerson, A.,",Miscellanies of Fulkerson,,random,0
nnc1.cr60018283,not,obscure,1869,1815,m,us,138474,0.245892392598,"Jones, Darius E.",Songs for the new life ;,,random,0
nyp.33433074849278,not,obscure,1903,1853,m,us,19191,0.431071737116,"Faulkner, S. E. Sherwood.",Sea murmurs and woodland songs,,random,0
loc.ark+=13960=t4nk3w21x,rev,obscure,1873,0,,,44061,0.456125658497,"Colman, James F.","The knightly heart, and other poems",ATL,reviewed,1
loc.ark+=13960=t6zw1zm9g,not,obscure,1867,1811,m,us,23796,0.302626305315,"Cox, Sandford C.","The evangelist, and other poems",,random,0
uc1.b3576529,rev,known,1847,1811,m,us,75266,0.553805075523,"Street, Alfred Billings,",The Poems of Alfred B. Street,WR,reviewed,1
uc2.ark+=13960=t1kh0h70v,not,obscure,1866,0,,,6100,0.407624357265,A.,"The starling of the spire; or, A bird's eye view of the church as it was",,random,0
uc1.b4101575,rev,known,1915,1885,m,us,14720,0.671783274203,"Percy, William Alexander,",Sappho in Levkas,PMV,reviewed,1
uc2.ark+=13960=t6639r26n,rev,known,1861,1814,m,uk,55290,0.565854275784,"De Vere, Aubrey,",The sisters,ATL,reviewed,1
njp.32101051388039,not,obscure,1862,1831,f,uk,19632,0.446895857289,"Fotherby, Marie J. E.",Poems,,random,0
mdp.39015059421811,rev,known,1872,1809,m,uk,14473,0.557438269521,"Hake, Thomas Gordon,",Parables & tales,FR,reviewed,1
uc1.b3335682,rev,known,1912,1878,m,uk,9495,0.70570972218,"Gibson, Wilfrid Wilson,",Fires,FR,reviewed,1
uc1.b167489,rev,known,1820,1784,m,uk,40273,0.348157039986,"Barton, Bernard,",Poems,ER,reviewed,1
loc.ark+=13960=t00z7rp24,not,obscure,1868,0,,,2273,0.490852740393,anonymous6,The San Francisco fairy,,random,0
uc2.ark+=13960=t40r9pj9p,not,obscure,1867,0,f,uk,65657,0.209870393671,"Sawers, Eliza.",Under a cloud,,random,0
uc1.b173242,rev,known,1825,1793,f,uk,35606,0.52172205193,"Hemans,",The forest sanctuary,ER,"Norton, in-set",1
loc.ark+=13960=t5n881k59,rev,known,1878,1847,m,us,35511,0.645120001961,"Fawcett, Edgar,",Fantasy and passion,ATL,reviewed,1
loc.ark+=13960=t7dr3b23n,not,obscure,1871,1835,m,us,12755,0.415616718735,"Le Cato, N. J. W.",Theodora and other poems,,random,0
uc2.ark+=13960=t48p67m2g,rev,known,1877,1823,m,uk,23133,0.576160138981,"Patmore, Coventry Kersey Dighton,",The unknown Eros,FR,reviewed,1
loc.ark+=13960=t52f8bw22,rev,known,1825,1774,m,uk,20450,0.443967967925,"Southey, Robert,",A tale of Paraguay,QR,reviewed,1
uc2.ark+=13960=t6k070h7g,rev,known,1918,1881,f,uk,8729,0.685035285755,"Farjeon, Eleanor,",Sonnets and poems,EGO,reviewed,1
njp.32101068604063,rev,known,1885,1850,m,uk,9070,0.64573001924,"Stevenson, Robert Louis,",A child's garden of verses,FR,reviewed,1
uc1.32106001950101,rev,known,1870,1848,m,uk,43385,0.698878217292,"Rossetti, Dante Gabriel,",Poems,FR,"Norton, in-set",1
uc1.b274729,not,obscure,1894,1859,m,us,21110,0.552825669456,"Thayer, William Roscoe,",Poems;,,random,0
uc2.ark+=13960=t05x2b429,not,obscure,1821,0,f,uk,30542,0.2755948719,"Garrington, Eliza.",Spiritual recreations in the chamber of affliction,,random,0
mdp.39015071556941,not,obscure,1877,0,f,us,9919,0.279780407824,"King, Delia Chase",The tidal wave,,random,0
uc1.b3556169,rev,known,1861,1808,f,uk,18288,0.579925046379,"Norton, Caroline Sheridan,",The lady of La Garave,WR,reviewed,1
uc2.ark+=13960=fk5p84448t,rev,known,1902,1866,m,us,6542,0.452241296932,"Taylor, Bert Leston,",Line-o'-type lyrics,ATL,reviewed,1
hvd.32044058247099,rev,known,1842,1809,m,uk,28917,0.705545589979,"Tennyson, Alfred Tennyson,",Poems in two volumes,GrM,"Norton, in-set",1
uc1.b182439,rev,known,1856,1824,m,uk,39429,0.592795776486,"Dobell, Sydney,",England in time of war,ER,reviewed,1
nnc1.0043351883,rev,known,1820,1787,m,uk,23918,0.591171806482,"Cornwall, Barry,",A Sicilian story,ER,reviewed,1
uc2.ark+=13960=t5h990m69,rev,known,1901,1875,f,us,18555,0.691792265851,"Branch, Anna Hempstead,",The heart of the road,ATL,reviewed,1
uc2.ark+=13960=t94748994,not,obscure,1917,1888,m,us,18319,0.651048614256,"Wood, Clement,",Glad of earth,,random,0
uc2.ark+=13960=t5gb1xt7n,not,obscure,1905,1863,m,us,6642,0.520236639848,"Herford, Oliver,",The fairy godmother-in-law,,random,0
uc1.b119842,not,obscure,1888,1836,f,us,28708,0.549950428111,"Mace, Frances Parker (Laughton)",Under pine and plam,,random,0
uc2.ark+=13960=t8tb13h9k,not,obscure,1845,1779,f,uk,17520,0.306226078571,"Leckie, Horner, Mrs",[Mrs. Leckie's poems,,random,0
uc2.ark+=13960=t9n29q258,rev,known,1881,1834,f,us,32490,0.541428719927,"Fields, Annie,",Under the olive,ATL,reviewed,1
uc2.ark+=13960=t80k2ck75,rev,known,1860,1814,m,uk,22504,0.554683270843,"Mackay, Charles,",A man's heart,WR,reviewed,1
loc.ark+=13960=t3nw08094,not,obscure,1871,1839,f,us,19073,0.50931265132,"Spalding, Lucy Billings,","The ruined statues, and other poems",,random,0
loc.ark+=13960=t5s75wn6s,rev,obscure,1874,0,,,27555,0.593692946137,"Hudson, H. R.",Poems,ATL,reviewed,1
mdp.39015023542395,rev,known,1840,1762,f,uk,54405,0.451191501198,"Baillie, Joanna,",Fugitive verses,QR,"Norton, in-set",1
mdp.39015030050648,rev,known,1862,1830,f,uk,52321,0.665462644699,"Rossetti, Christina Georgina,",Goblin market and other poems,WR,"Norton, in-set",1
loc.ark+=13960=t40s0803k,not,obscure,1918,1876,m,us,16059,0.466068218589,"Jenness, Burt Franklin,",Man-o'-war rhymes,,random,0
uc1.b253348,not,obscure,1878,1844,m,us,89506,0.470331783507,"Cowan, Frank,",Southwestern Pennsylvania in song and story,,random,0
njp.32101064671389,not,obscure,1834,1792,m,uk,43842,0.35177478896,"Trenhaile, J.",Recreations in rhyme,,random,0
uc2.ark+=13960=t7kp7vd46,not,obscure,1878,1850,m,us,46793,0.350046791008,"Brunton, William,",Daisies,,random,0
loc.ark+=13960=t42r4b17k,not,obscure,1914,1871,f,us,10056,0.395954823793,"Hinckley, Mercy Adeline,",Life-colors,,random,0
hvd.hwh1bt,not,obscure,1841,1776,m,uk,198517,0.364597637139,"Fitchett, John,",King Alfred,,random,0
mdp.39015065423868,not,obscure,1860,0,m,us,36886,0.524460463752,"Newman, John B.",Wa-Wa-Wanda,,random,0
mdp.39015000595614,rev,known,1914,1882,m,us,20921,0.635650668268,"Oppenheim, James,","Songs, for the new age",PMV,reviewed,1
uc2.ark+=13960=t2f766k62,rev,known,1894,1862,m,us,26137,0.625610503478,"Mitchell, Langdon Elwyn,",Poems,ATL,reviewed,1
uc2.ark+=13960=t79s1pt8q,rev,known,1901,1834,m,us,14645,0.539865605636,"Webb, Charles Henry,",With lead and line along varying shores;,ATL,reviewed,1
loc.ark+=13960=t3nv9z201,not,obscure,1917,1855,f,us,9522,0.25548988304,"Kirk, Annie (Brindley),",Inspirational poems,,random,0
loc.ark+=13960=t90872358,rev,known,1873,1844,m,uk,32934,0.534000797954,"O'Reilly, John Boyle,",Songs from the southern seas,ATL,reviewed,1
uc2.ark+=13960=t6736rz12,rev,known,1855,1824,m,uk,26193,0.6027913729,"Allingham, William,",Day and night songs; and The music-master,ER,reviewed,1
uc1.b166368,rev,known,1819,1791,m,uk,7200,0.398624705166,"Leigh, Chandos,",The view,ER,reviewed,1
mdp.39015030756970,rev,known,1914,1874,f,us,27569,0.674793344114,"Lowell, Amy,",Sword blades and poppy seed,EGO,"Norton, in-set",1
uc1.b3342759,not,obscure,1919,1874,f,us,4807,0.368068045964,"Wigren, Bessie C.",Summer wind,,random,0
uc2.ark+=13960=t9h41kd1k,rev,known,1900,1825,f,us,10421,0.588713670825,"Dorr, Julia C. R.",Afterglow;,ATL,reviewed,1
loc.ark+=13960=t85h8fd4f,not,obscure,1916,1848,m,us,19835,0.31400280631,"White, Charles Edward,",Poems of school and life,,random,0
loc.ark+=13960=t6pz5tc3h,rev,known,1894,1862,m,us,15718,0.561085821517,"Parker, Gilbert,",A lover's diary,ATL,reviewed,1
loc.ark+=13960=t84j0zq4p,not,obscure,1855,1809,m,us,8858,0.408748025175,"Clark, George Hunt,",Now and then,,random,0
njp.32101068142908,not,obscure,1845,1794,m,us,25791,0.33215097927,"Lewis, Alonzo,","Love, forest flowers, and sea shells",,random,0
uc2.ark+=13960=t9280b81v,not,obscure,1897,0,m,uk,34119,0.54753308845,"Green, Septimus G.",Jennifred,,random,0
uc2.ark+=13960=t6vx09698,not,obscure,1882,1820,f,us,18213,0.549610514421,"Bailey, Urania Locke Stoughton,",Star-flowers,,random,0
nyp.33433075838023,rev,known,1895,1823,f,us,16781,0.641122741136,"Stoddard, Elizabeth,",Poems,ATL,reviewed,1
nyp.33433075971196,not,obscure,1846,1811,f,us,78643,0.442962670613,"Osgood, Frances Sargent Locke,",Poems,,random,0
njp.32101025285659,rev,known,1862,1819,m,uk,40898,0.535327594927,"Clough, Arthur Hugh,",Poems,BM,reviewed,1
nyp.33433066625637,not,obscure,1869,1831,m,us,41331,0.363730268714,"Peffer, William Alfred,",Myriorama,,random,0
uc1.b183776,not,obscure,1882,1799,m,us,12125,0.422869192243,"Alcott, Amos Bronson,",Sonnets and canzonets,,random,0
loc.ark+=13960=t9377zq1r,not,obscure,1856,0,m,us,28248,0.246284101281,"Woodward, David.",Slavery;,,random,0
uc2.ark+=13960=t3zs2qr30,rev,known,1905,1857,m,uk,35856,0.609798654782,"Davidson, John,",Selected poems,ATL,reviewed,1
loc.ark+=13960=t19k4z26m,not,known,1860,1806,m,us,71374,0.59228653815,"Willis, Nathaniel Parker,","The poems, sacred, passionate, and humorous, of Nathaniel Parker WIllis",,random,0
loc.ark+=13960=t57d3p237,not,obscure,1893,1828,f,us,31649,0.389847408663,"Roberts, Betsey Ann Smith.",Original poems,,random,0
nyp.33433076026503,rev,known,1875,1813,m,us,50962,0.541163100844,"Cranch, Christopher Pearse,",The bird and the bell,ATL,reviewed,1
uc2.ark+=13960=t7pn9f10q,rev,known,1874,1803,m,uk,42215,0.565513186858,"Lytton, Edward Robert Bulwer Lytton,",Fables in song,FR,reviewed,1
uc2.ark+=13960=t1bk19943,not,obscure,1840,0,m,uk,31206,0.386950911343,"Landreth, Peter.",The poet: The infidel,,random,0
nyp.33433066644851,rev,known,1916,1878,m,us,16762,0.67940427926,"Sandburg, Carl,",Chicago poems,PMV,"Norton, in-set",1
uc1.b4100799,rev,known,1915,1883,f,uk,5201,0.579836438762,"Wickham, Anna,",The contemplative quarry,EGO,reviewed,1
mdp.39015013092401,rev,known,1885,1809,m,uk,25099,0.626642126392,"Tennyson, Alfred Tennyson,",Tiresias,FR,"Norton, in-set",1
nyp.33433066651138,rev,known,1914,1879,m,us,19161,0.59623026631,"Lindsay, Vachel,",The Congo and other poems,PMV,reviewed,1
loc.ark+=13960=t3st8fg8k,rev,known,1912,1878,f,us,10245,0.607572968058,"Burr, Amelia Josephine,",The roadside fire,PMV,reviewed,1
uc2.ark+=13960=t52f7m21r,not,obscure,1913,1859,m,us,3946,0.454682283977,"Fare, John Thomas,",In the wilderness,,random,0
uc2.ark+=13960=t9p26qv5r,rev,known,1872,1825,f,us,38354,0.52301310303,"Dorr, Julia C. R.",Poems,ATL,reviewed,1
uc2.ark+=13960=fk9v11w414,rev,known,1914,1885,m,us,14306,0.628279465793,"Untermeyer, Louis,",Challenge,PMV,reviewed,1
loc.ark+=13960=t9572954w,rev,known,1887,1813,m,us,36569,0.544618743061,"Cranch, Christopher Pearse,",Ariel and Caliban,ATL,reviewed,1
loc.ark+=13960=t1fj32s97,not,obscure,1859,1834,m,us,28674,0.277427613992,"Carhart, John Wesley,",Sunny hours,,random,0
uc2.ark+=13960=t7gq6x66b,rev,known,1875,1837,m,uk,13179,0.714477969149,"Swinburne, Algernon Charles,",Songs of two nations,FR,"Norton, in-set",1
uc2.ark+=13960=t0gt5hn4z,rev,known,1912,1886,f,us,12898,0.710837458379,"Akins, Zoë,",Interpretations,PMV,reviewed,1
nyp.33433082209861,not,obscure,1915,1888,m,us,3624,0.457529443309,"Emmons, Earl H.,",Redskin rimes,,random,0
uc2.ark+=13960=t05x2bh3q,not,obscure,1865,0,,,43754,0.397643350818,anonymous7,Wermigey; or The weir amid the water,,random,0
uc1.b158350,rev,known,1866,1841,m,uk,47567,0.701554517216,"Buchanan, Robert Williams,",London poems,FR,reviewed,1
loc.ark+=13960=t2h70wf5d,not,obscure,1915,1858,m,us,5030,0.36864062683,"Bolmer, Clarence Buckmaster.",Day dreams,,random,0
uc2.ark+=13960=t07w68f3s,rev,known,1875,1851,m,us,15516,0.667785269267,"Lathrop, George Parsons,",Rose and roof-tree,ATL,reviewed,1
uc1.b260737,rev,known,1870,1840,m,us,18958,0.672177762394,"Weeks, Robert Kelley,",Episodes and lyric pieces,ATL,reviewed,1
loc.ark+=13960=t0dv25v7j,not,obscure,1917,1860,f,us,14890,0.44826137027,"Reed, Helen Leah,","Memorial Day, and other verse (original and translated)",,random,0
loc.ark+=13960=t4dn4q68x,not,obscure,1883,1836,m,us,14252,0.440937656775,"Hill, Theophilus H.","Passion flower, and other poems",,random,0
nyp.33433074846860,rev,known,1849,1812,m,uk,39755,0.558750091293,"Browning, Robert,",Poems,GrM,"Norton, in-set",1
loc.ark+=13960=t8ff4bv0c,not,obscure,1878,1801,m,us,32194,0.273996610919,"Means, Alexander,",A cluster of poems,,random,0
uc2.ark+=13960=t9f47r02d,not,obscure,1868,1850,m,uk,7979,0.447306013257,"Earle, John Charles,",Maximilian,,random,0
loc.ark+=13960=t20c5hr60,not,obscure,1858,1800,m,us,66811,0.277897059855,"Cotton, Alfred Jackson,",Cotton's keepsake,,random,0
uc1.b4107944,rev,known,1896,1830,f,uk,57084,0.582214036782,"Rossetti, Christina Georgina,",New poems by Christina Rossetti,BM,"Norton, in-set",1
uc2.ark+=13960=t1zc7s42g,rev,known,1887,1857,f,us,11670,0.656353938575,"Deland, Margaret Wade Campbell,",Old garden & other verses,ATL,reviewed,1
mdp.39015063980414,not,obscure,1866,1798,m,uk,39549,0.566158943728,"Henry, James,",Poematia,,random,0
uc1.b155433,rev,known,1886,1832,f,us,16100,0.593628035168,"Allen, Elizabeth Akers,",The silver bridge,ATL,reviewed,1
uc2.ark+=13960=t8gf0rg1p,not,obscure,1820,0,f,uk,18264,0.38279316517,"Grimstone, Mary Leman.","Zayda, a Spanish tale, in three cantos, and other poems, stanzas, and canzonets",,random,0
loc.ark+=13960=t63495d13,not,obscure,1892,1845,m,us,31686,0.455581009827,"Carleton, Will,",City festivals,,random,0
uc1.b325378,not,obscure,1881,1836,m,us,36809,0.54034380737,"Gordon, Hanford Lennox,",Legends of the Northwest,,random,0
uc2.ark+=13960=t1hh6hq8n,not,obscure,1825,1799,m,uk,34237,0.442434153925,"Hervey, Thomas Kibble,",The poetical sketch-book,,random,0
loc.ark+=13960=t9184308z,not,obscure,1866,0,m,us,30945,0.155033427415,"Hodson, Joseph.",Miscellaneous poems,,random,0
uc2.ark+=13960=t7gq6s57q,not,obscure,1869,0,m,us,2680,0.303495465989,"Krause, William E. F.",The sanctity of marriage,,random,0
uc2.ark+=13960=t39z93k29,not,obscure,1819,1786,m,uk,25918,0.271642520091,"Woodley, George,",Cornubia,,random,0
mdp.39015030707155,rev,known,1901,1828,m,uk,15365,0.545848076042,"Meredith, George,",A reading of life,FR,"Norton, in-set",1
njp.32101066457894,not,obscure,1871,1834,f,us,29268,0.372031383624,"Cooke, Belle W.",Tears and victory,,random,0
nnc1.1002356465,not,obscure,1828,1790,m,uk,18576,0.306748670093,"Vedder, David,","The Covenanters' communion, and other poems",,random,0
loc.ark+=13960=t3320jj4z,rev,obscure,1866,0,,,22449,0.453748073717,"Clark, Annie E.",Poems,ATL,reviewed,1
uc1.b3342492,rev,known,1913,1877,m,us,7771,0.675765700752,"Towne, Charles Hanson,",Beyond the stars and other poems,PMV,reviewed,1
uc2.ark+=13960=t81j9n694,rev,known,1915,1884,m,uk,4659,0.680302305861,"Flecker, James Elroy,",The old ships,EGO,reviewed,1
mdp.39015000544554,not,known,1894,1859,m,uk,40997,0.619546117234,"Thompson, Francis,",Poems,,random,0
loc.ark+=13960=t13n30w9p,not,obscure,1917,1888,f,us,9111,0.503167183811,"Andrews, Edith Fargo.",Vagrant visions,,random,0
uc2.ark+=13960=fk23b5wf3t,rev,known,1860,1826,f,uk,33742,0.628889188431,"Craik, Dinah Maria Mulock,",Poems,ATL,reviewed,1
dul1.ark+=13960=t5fb5xg2z,rev,known,1855,1822,m,uk,27506,0.610733285022,"Arnold, Matthew,",Poems,ER,"Norton, in-set",1
uc2.ark+=13960=t6pz52584,rev,known,1880,1809,m,us,13177,0.52043812304,"Holmes, Oliver Wendell,",The iron gate,ATL,"Norton, in-set",1
uc2.ark+=13960=t7vm4642f,rev,known,1878,1789,f,uk,25298,0.637713653903,"Elliot, Charlotte,",Medusa and other poems,BM,reviewed,1
uc1.b166365,not,obscure,1898,1852,m,uk,10025,0.543655494251,"Latymer, Francis Burdett Thomas Coutts-Nevill,",The Alhambra and other poems,,random,0
uc2.ark+=13960=t1td9p63g,not,obscure,1912,1853,m,us,18229,0.458042136752,"Peterson, Edmund Deacon.","Eros, and other poems",,random,0
loc.ark+=13960=t5w671s6k,not,obscure,1861,1835,f,us,42642,0.549573170005,"Jones, Amanda Theodocia,","Ulah, and other poems",,random,0
nyp.33433074843933,not,obscure,1846,1780,m,uk,36508,0.508561404472,"Croly, George,",The modern Orlando: a poem,,random,0
loc.ark+=13960=t7xk8wp35,not,obscure,1835,1812,m,us,2455,0.237308027094,"Patterson, Stephen,",The contrast,,random,0
hvd.hwkq92,rev,known,1830,1808,f,uk,49296,0.5571469929,"Norton, Caroline Sheridan,","The undying one, and other poems",ER,reviewed,1
uc2.ark+=13960=t9m32rn84,not,obscure,1872,0,,,15058,0.499992245688,"Pocock, I. J. Innes.",Franklin and other poems,,random,0
uc2.ark+=13960=t0zp3xm93,rev,known,1894,1845,m,us,11267,0.591864727931,"Tabb, John B.",Poems,ATL,reviewed,1
loc.ark+=13960=t5fb5nd8n,not,obscure,1887,1819,m,us,94887,0.315981288829,"Paxton, W. M.",Poems,,random,0
uc1.b274713,rev,known,1874,1831,f,us,15809,0.633277074175,"Perry, Nora,",After the ball,ATL,reviewed,1
uc2.ark+=13960=t8gf0nw9p,rev,obscure,1871,1837,m,uk,61986,0.454821307936,"McHenry, George.",Time and eternity,ATL,reviewed,1
uc2.ark+=13960=t23b62184,not,obscure,1892,1866,m,uk,18737,0.632402726681,"Le Gallienne, Richard,",English poems,,random,0
nyp.33433076039506,not,obscure,1912,1858,f,us,10108,0.553294999551,"Adams, Adeline,",Sylvia,,random,0
njp.32101067706885,not,obscure,1845,1825,f,uk,12725,0.325544450361,"Bingham, Frances Lydia.","Hubert; or, The orphans of St. Madelaine",,random,0
loc.ark+=13960=t5r78vg3h,rev,obscure,1881,1850,f,us,14744,0.528143852745,"Innsly, Owen,",Love poems and sonnets,ATL,reviewed,1
mdp.39015063931565,rev,known,1845,1813,m,us,17984,0.525344639909,"Hirst, Henry Beck,",The coming of the mammoth,GrM,reviewed,1
mdp.39015059390164,rev,known,1857,1809,m,uk,26346,0.48553574912,"Blackie, John Stuart,",Lays and Legends of Ancient Greece,WR,reviewed,1
nyp.33433066638408,rev,known,1880,1807,m,us,4107,0.60232647385,"Longfellow, Henry Wadsworth,",Ultima Thule,ATL,"Norton, in-set",1
uc2.ark+=13960=t4vh5j76c,rev,known,1866,1821,m,uk,47482,0.473178506614,"Plumptre, E. H.","Master and scholar, etc., etc",WR,reviewed,1
loc.ark+=13960=t76t19455,not,obscure,1917,1890,m,us,14259,0.443771505706,"Bachtell, Paul B.",At Lucifer's portals,,random,0
loc.ark+=13960=t7kp8gj8r,rev,obscure,1893,1856,f,us,10042,0.523477769407,"Granniss, Anna J.","Skipped stitches, verses",ATL,reviewed,1
njp.32101064713173,not,obscure,1880,1843,m,us,11031,0.451778441407,"Selden, Samuel,",Poems,,random,0
mdp.39015055468584,not,obscure,1880,1846,f,uk,4231,0.531192170263,"Greenaway, Kate,",Under the window;,,random,0
hvd.hwpnml,rev,known,1828,1788,m,uk,52274,0.525769129065,"Atherstone, Edwin,",The fall of Nineveh;,ER,reviewed,1
uc2.ark+=13960=t7pn9060k,rev,known,1896,1867,m,uk,17607,0.64658430658,"Dowson, Ernest Christopher,",The poems of Ernest Dowson,SAV,"Norton, in-set",1
loc.ark+=13960=t3320dh5b,not,obscure,1867,0,,,8828,0.362931601434,"[D'Arusmont, William E. Guthrie] [from old catalog]",The betrothed,,random,0
nyp.33433074961453,not,obscure,1914,0,,,9177,0.408803911446,"Tolman, Emily.",To a summer cloud,,random,0
njp.32101074868017,not,obscure,1839,1807,m,us,15325,0.233413250886,"Pratt, Parley P.",The millennium and other poems,,random,0
loc.ark+=13960=t23b6hk19,not,obscure,1910,0,,,13430,0.450369886168,"Farnsworth, Edward Clarence.",Saint Helena,,random,0
nyp.33433076031859,not,obscure,1897,1849,m,us,19147,0.54889375809,"Riley, James Whitcomb,",The poems and prose sketches of James Whitcomb Riley,,random,0
uc1.l0071844237,rev,known,1820,1793,f,uk,88583,0.427652780899,"Hemans,",The sceptic ;,QR,"Norton, in-set",1
nyp.33433066636329,rev,known,1914,1868,f,us,8939,0.626364933328,"Lee, Agnes,",The sharing,PMV,reviewed,1
loc.ark+=13960=t0qr5g21z,not,obscure,1902,0,,,12024,0.598778362371,"Haswin, Frances Rosina. [from old catalog]",Some songs and verses,,random,0
loc.ark+=13960=t24b3nc5c,rev,obscure,1862,0,,,34315,0.468383487337,L,"Sybelle, and other poems",WR,reviewed,1
nyp.33433004008284,not,obscure,1856,1812,m,us,21886,0.392823862621,"Prime, Samuel Irenæus",The smitten household,,random,0
loc.ark+=13960=t3805w074,rev,known,1880,0,f,,27179,0.564812636187,"Backus, Elizabeth Welch.",Three friends' fancies,ATL,reviewed,1
uc2.ark+=13960=t4pk09t89,not,obscure,1880,1830,m,,40226,0.470857961787,"St. John, Charles Henry.",Country love and city life,,random,0
mdp.39015008529144,not,obscure,1915,1887,m,uk,23770,0.719029962419,"Brooke, Rupert,",The collected poems of Rupert Brooke,,"Norton, in-set",0
nyp.33433075742027,rev,known,1887,1854,f,us,17282,0.60298429647,"Thomas, Edith Matilda,",Lyrics and sonnets,ATL,reviewed,1
njp.32101068177599,not,obscure,1878,0,,,10810,0.345302920845,"Edwards, Alfred.",Incidents in the career of Coeur de Lion,,random,0
nyp.33433074846878,rev,known,1849,1812,m,uk,38584,0.604156829439,"Browning, Robert,",Poems,GrM,"Norton, in-set",1
uc2.ark+=13960=t5db86m4v,not,obscure,1912,1881,f,us,4597,0.736290057574,"Henderson, Alice Corbin,",The spinning woman of the sky;,,random,0
mdp.39015063940111,rev,known,1894,1845,m,uk,14571,0.640536304138,"Lee-Hamilton, Eugene.",Sonnets of the wingless hours,ATL,reviewed,1
nyp.33433074903737,not,obscure,1892,1839,m,au,29892,0.285838499978,"Yarrington, W. H. H.",Australian verses,,random,0
mdp.39015003700393,rev,known,1893,1860,m,us,19661,0.658725136966,"Garland, Hamlin,",Prairie songs: being chants rhymed and unrhymed of the level lands of the great West,ATL,reviewed,1
uc2.ark+=13960=t5fb55w84,rev,known,1878,1837,m,uk,28770,0.713623788269,"Swinburne, Algernon Charles,","Poems and ballads, second series",FR,"Norton, in-set",1
nyp.33433075777346,not,obscure,1845,1784,m,us,70394,0.437934083113,"Oehlenschläger, Adam Gottlob,",The gods of the North,,random,0
loc.ark+=13960=t03x8vs4n,not,obscure,1871,0,,,1194,0.479503322731,"Wallace, E. D.",England's last queen,,random,0
uc2.ark+=13960=t9w08xj0q,rev,known,1884,1861,f,us,10314,0.578869662441,"Guiney, Louise Imogen,",Songs at the start,ATL,reviewed,1
uc2.ark+=13960=t17m05k61,rev,known,1833,1781,m,uk,46591,0.486496996241,"Elliott, Ebenezer,",[Elliott's poems],ER,reviewed,1
loc.ark+=13960=t4qj7w512,not,obscure,1871,0,,,8195,0.378431716969,"Gates, Rozina. [from old catalog]",A panoramic view of the creation!,,random,0
loc.ark+=13960=t5r78t92c,not,obscure,1862,0,m,us,5277,0.207123909554,"Elder, William. [from old catalog]",Leisure moments;,,random,0
nyp.33433075809081,not,obscure,1867,1833,m,us,6759,0.441190794758,"MacEuen, Malcolm.",A mosaic from Italy,,random,0
nyp.33433075817829,rev,known,1891,1844,m,us,9239,0.542236594717,"Gilder, Richard Watson,",Two worlds,ATL,reviewed,1
njp.32101026750396,rev,known,1830,1795,f,uk,48082,0.480767566818,"Northampton, Margaret Clephane Compton,",Irene,QR,reviewed,1
loc.ark+=13960=t2g740b7g,not,obscure,1891,1824,m,us,1110,0.299212274758,"[Loomis, George],",Memorial or Decoration day,,random,0
loc.ark+=13960=t4nk3w12z,rev,known,1886,1855,m,us,24523,0.630998152774,"Adams, Oscar Fay,",Post-laureate idyls,ATL,reviewed,1
nyp.33433075831325,not,obscure,1905,1860,m,us,7429,0.545169613216,"Grant, Percy Stickney,",Ad matrem,,random,0
nyp.33433074874540,rev,known,1898,1859,m,uk,19544,0.625276098925,"Rhys, Ernest,",Welsh ballads,FR,reviewed,1
hvd.hn8n81,not,obscure,1823,1795,m,us,51093,0.45908899707,"Percival, James Gates,",Poems,,random,0
loc.ark+=13960=t9g458b15,not,obscure,1915,1855,f,us,1251,0.489451358294,"Ferris, Mary Lanman Douw ""Mrs. Morris P. Ferris,"",",A legend of New Year eve,,random,0
uc2.ark+=13960=t52f7kv9h,rev,known,1825,1794,f,us,39723,0.500036768174,"Brooks, Maria Gowen,","Zóphiël; or, The bride of seven",QR,reviewed,1
uc1.b165945,rev,known,1830,1807,m,uk,47528,0.439569548539,"Montgomery, Robert,","Satan, a poem",ER,reviewed,1
uc2.ark+=13960=t4kk99f3f,rev,known,1858,1819,m,uk,20714,0.611450839721,"Kingsley, Charles,",Andromeda and other poems,WR,"Norton, in-set",1
hvd.hwnzqz,rev,known,1819,1788,m,uk,6780,0.470784545417,"Byron, George Gordon Byron,",The prophecy of Dante,ER,"Norton, in-set",1
uc2.ark+=13960=t5w66h075,rev,known,1881,1824,m,uk,60966,0.508143172455,"Palgrave, Francis Turner,",The visions of England,MM,reviewed,1
nyp.33433076040298,rev,known,1869,1842,m,us,26698,0.60822948955,"Abbey, Henry,",Stories in verse,ATL,reviewed,1
nyp.33433074801030,not,obscure,1914,1875,m,us,9923,0.488041673512,anonymous0,Songs of the underworld,,random,0
loc.ark+=13960=t3cz3sw3f,not,obscure,1852,1820,f,us,21988,0.332271744623,"Truesdell, Helen.",Poems,,random,0
uc1.b3626228,rev,known,1917,1889,m,us,22734,0.806983100812,"Aiken, Conrad,","Nocturne of remembered spring, and other poems",EGO,reviewed,1
nyp.33433076013501,not,obscure,1880,1806,m,us,15881,0.303727601756,"Currier, Moody,",Early poems,,random,0
loc.ark+=13960=t9w09kt0j,rev,known,1878,1844,m,us,7165,0.647999188763,"Gilder, Richard Watson,",The poet and his master,ATL,reviewed,1
nyp.33433074899968,not,obscure,1852,1793,f,uk,20528,0.464587991817,"MacLean, Anna Jane.",Eman More,,random,0
mdp.39015033891238,rev,known,1881,1827,m,us,22081,0.558621377932,"Trowbridge, J. T.",A home idyl,ATL,reviewed,1
wu.89099755217,rev,known,1867,1819,m,us,44943,0.537304221204,"Holland, J. G.",Kathrina,ATL,reviewed,1
uc1.b3311873,not,obscure,1830,1780,m,uk,21202,0.565192875409,"Croly, George,",The poetical works of the Rev. George Croly,,random,0
loc.ark+=13960=t00z7s04j,rev,known,1878,1840,m,us,16366,0.35479669857,"McKnight, George,","Life and faith, sonnets",ATL,reviewed,1
loc.ark+=13960=t72v3f90h,not,obscure,1859,0,m,us,3758,0.451918594227,"Russel, Charles Porter,",In tenebris,,random,0
uc1.b166335,rev,known,1847,1775,m,uk,52107,0.574815107215,"Landor, Walter Savage,",The Hellenics of Walter Savage Landor,ER,reviewed,1
loc.ark+=13960=t3qv42x82,rev,known,1860,1824,m,uk,143781,0.626611354761,"Dobell, Sydney,",Poems,ATL,reviewed,1
njp.32101067004133,not,obscure,1886,1816,m,uk,25649,0.449716930566,"Thom, Robert W.,",Poems and ballads,,random,0
uc2.ark+=13960=t6c24sg58,rev,known,1823,1779,m,uk,15889,0.539698206834,"Moore, Thomas,",The loves of the angels,ER,reviewed,1
uc1.32106001957635,rev,known,1872,1809,m,uk,14105,0.653058248161,"Tennyson, Alfred Tennyson,",Gareth and Lynette,FR,"Norton, in-set",1
uc2.ark+=13960=t3xs5ms31,not,obscure,1880,1840,m,uk,43484,0.689675283296,"Symonds, John Addington,",New and old,,random,0
dul1.ark+=13960=t75t4h116,rev,known,1867,1822,m,uk,30155,0.568029341937,"Arnold, Matthew,",New poems,FR,"Norton, in-set",1
uc1.b273058,not,obscure,1878,1825,m,us,30109,0.381925295102,"Poston, Charles D.",Apache-land,,random,0
uc2.ark+=13960=t9959jh8d,rev,known,1847,1800,m,uk,13336,0.552127376987,"Taylor, Henry,","The eve of the conquest, and other poems",ER,reviewed,1
njp.32101067632792,not,obscure,1860,1835,m,us,20473,0.378196520363,"Donaldson, Samuel J.,",Lyrics,,random,0
uc1.b4100432,not,obscure,1907,1864,m,us,31249,0.506601745845,"Eilshemius, Louis M.",All about girls,,random,0
nyp.33433075790992,not,obscure,1901,1863,m,us,5400,0.313993254669,"Fitzpatrick, Ernest Hugh.",The passing of William McKinley,,random,0
loc.ark+=13960=t3xs6b07q,not,obscure,1894,1851,f,us,3774,0.26381761626,"Choate, Clara Elizabeth. [from old catalog]",Songs of truth,,random,0
loc.ark+=13960=t7wm1th1h,not,obscure,1902,1819,m,us,14767,0.461613600889,"McClintick, William Trimble. [from old catalog]",Verses written during a busy lawyer's life,,random,0
uc1.b3546464,rev,known,1895,1867,m,uk,27582,0.60522471538,"Johnson, Lionel Pigot,",Poems,FR,reviewed,1
nyp.33433084126113,not,obscure,1848,1809,m,us,18867,0.426186617217,"Dow, Jesse Erskine,",The American seasons,,random,0
wu.89099777773,not,obscure,1883,1835,m,us,47970,0.510814695152,"Croffut, W. A.",A midsummer lark,,random,0
uc2.ark+=13960=t5n875h7n,rev,known,1892,1825,f,us,81949,0.571459450866,"Dorr, Julia C. R.",Poems,ATL,reviewed,1
nyp.33433076033103,not,obscure,1825,1794,f,us,41415,0.497934408798,"Brooks, Maria Gowen,",Zóphiël;,,random,0
mdp.39015063947074,not,obscure,1914,1855,m,us,4658,0.317802996565,"O'Hagan, Thomas,",In the heart of the meadow,,random,0
hvd.32044018706432,rev,known,1845,1786,f,uk,41434,0.531621857744,"Southey, Caroline Bowles,",The birth-day,QR,reviewed,1
njp.32101068176328,rev,known,1868,1820,f,us,19728,0.627373560477,"Cary, Alice,",A lover's diary,ATL,reviewed,1
uc2.ark+=13960=t42r42k8x,rev,known,1872,1824,m,uk,26765,0.554936461611,"Smith, Walter C.",Olrig Grange,FR,reviewed,1
nyp.33433066640792,rev,known,1870,1830,f,us,18900,0.638448735806,"Jackson, Helen Hunt,",Verses,ATL,reviewed,1
nyp.33433074858238,rev,known,1851,1806,f,uk,48423,0.621090571935,"Browning, Elizabeth Barrett,","Prometheus bound, and other poems;",QR,"Norton, in-set",1
uc2.ark+=13960=t4gm84g69,not,obscure,1895,1840,f,us,13772,0.439969644031,"Cocke, Zitella,",A Doric reed,,random,0
njp.32101067627149,not,obscure,1890,1828,m,us,16653,0.291743383631,"Anderson, Duncan,","Lays of Canada, and other poems",,random,0
nyp.33433066636204,rev,known,1871,1837,m,us,48448,0.620442507935,"Miller, Joaquin,",Songs of the Sierras,BM,reviewed,1
loc.ark+=13960=t3rv14c6x,not,obscure,1878,1837,m,us,20331,0.305036995478,"Murphy, John Albert,",Cosmostoria,,random,0
njp.32101063702987,not,obscure,1881,1820,m,us,9700,0.327541507255,"Randolph, Anson D. F.",Easter chimes,,random,0
uva.x002264382,rev,known,1908,1846,f,uk,22320,0.660427181364,"Field, Michael.",Wild honey from various thyme,TNA,"Norton, in-set",1
mdp.39015059422017,not,obscure,1894,1839,m,uk,24339,0.482441960841,"Japp, Alexander H.",Dramatic pictures,,random,0
uc2.ark+=13960=t26974b8z,rev,known,1894,1858,m,uk,8613,0.584220767142,"Watson, William,",Odes and other poems,FR,reviewed,1
mdp.39015063931839,rev,known,1912,1873,m,us,5906,0.629932202714,"How, Louis,",The youth replies,PMV,reviewed,1
nyp.33433066626916,rev,known,1883,1834,m,us,25207,0.618494111913,"Nichols, Starr Hoyt,",Monte Rosa,ATL,reviewed,1
mdp.39015063937810,not,obscure,1871,1851,m,uk,32972,0.518358453296,"Mackay, Eric,",Love letters of a violinist,,random,0
uc2.ark+=13960=t4kk95h1q,rev,known,1914,1886,m,us,20623,0.62786383282,"Benét, William Rose,",The falconer of God,PMV,reviewed,1
nyp.33433076026321,not,obscure,1846,0,m,us,50891,0.380238928298,"White, Albert.","Sacred poems, poems of love & romance, humorous and narrative poems",,random,0
uc2.ark+=13960=t3rv0d813,rev,known,1911,1864,m,us,25492,0.528969398871,"Watts, Harvey Maitland,",The wife of Potiphar,PMV,reviewed,1
uc2.ark+=13960=t1hh6d09g,rev,known,1892,1853,m,us,10902,0.514454872683,"Johnson, Robert Underwood,","The winter hour, and other poems",ATL,reviewed,1
uc2.ark+=13960=t3qv3cf46,not,obscure,1912,1862,m,us,18232,0.453606930179,"Kiser, Samuel E.",The land of little care,,random,0
uc2.ark+=13960=t12n5658q,rev,known,1915,1886,f,uk,2290,0.699692248338,"Cornford, Frances Darwin,",Spring morning,EGO,reviewed,1
njp.32101067004570,rev,known,1862,1828,m,uk,26952,0.401214554896,"Wingate, David,",Poems and songs,BM,reviewed,1
wu.89098012313,rev,obscure,1880,1826,f,us,15801,0.585040279689,"Bostwick, Helen Louise Barron,",Four-o'clocks,ATL,reviewed,1
wu.89089198006,rev,known,1820,1795,m,uk,28970,0.62863662236,"Keats, John,","Lamia, Isabella, the eve of Saint Agnes, and other poems",ER,"Norton, in-set",1
loc.ark+=13960=t7pn9zm6f,not,obscure,1918,1893,m,us,7563,0.647526536622,"McClure, John Peebles,",Airs and ballads,,random,0
uc2.ark+=13960=t5p84dd5d,rev,known,1845,1808,f,uk,33677,0.50708774385,"Norton, Caroline Sheridan,",The Child of the Islands,ER,reviewed,1
uc2.ark+=13960=t7dr2r59g,not,obscure,1828,1766,f,uk,5176,0.340707209145,"Watts, Susanna,",The insects in council,,random,0
loc.ark+=13960=t1zc8q99n,rev,known,1882,1835,f,us,21228,0.695134957225,"Spofford, Harriet Elizabeth Prescott,",Poems,ATL,reviewed,1
mdp.39015065549217,rev,known,1880,1850,m,uk,36227,0.684238752439,"Marston, Philip Bourke,",Wind-voices,FR,reviewed,1
uc2.ark+=13960=t20c4zd4j,not,obscure,1837,0,m,uk,9166,0.385294412593,"Manning, George Theodore.",Rural rhymes,,random,0
loc.ark+=13960=t56d6fr15,not,obscure,1871,1819,m,us,28457,0.376846039553,"Smith, Francis S.",Poems for the million,,random,0
uc1.b4101052,rev,known,1916,1868,m,us,30827,0.653962181105,"Masters, Edgar Lee,",Songs and satires,PMV,reviewed,1
uc2.ark+=13960=t8x926w5s,not,obscure,1872,1828,m,uk,21489,0.663487124644,"Sawyer, William Kingston,",The legend of Phyllis,,random,0
uc2.ark+=13960=t0vq2sd89,not,obscure,1898,1853,m,us,25459,0.369039350417,"Olmsted, Charles Sanford,",December musings and other poems,,random,0
uc1.b166111,rev,obscure,1866,0,,,56808,0.434888359878,"Coloney, Myron.",Manomin,ATL,reviewed,1
nyp.33433082128426,not,obscure,1893,1867,m,us,31791,0.389226273658,"Currie, George G.",How I once felt,,random,0
nyp.33433081895090,not,obscure,1897,1844,f,us,16902,0.277332873667,"Fordham, Mary Weston.",Magnolia leaves,,random,0
mdp.39015019808495,rev,known,1862,1828,m,uk,12224,0.612564992997,"Meredith, George,",Modern Love,WR,"Norton, in-set",1
loc.ark+=13960=t07w6wd9p,rev,known,1902,1880,m,us,10889,0.591680618342,"Stevens, Thomas Wood,",The morning road,ATL,reviewed,1
mdp.39015048398518,rev,known,1868,1801,m,uk,39897,0.382946967698,"Newman, John Henry,",Verses on various occasions,BM,"Norton, in-set",1
mdp.39015014601184,not,obscure,1862,0,m,us,31779,0.504750107323,"Heywood, J. C.",Herodias,,random,0
uc1.b3579414,rev,known,1873,1834,m,uk,27832,0.608993848375,"Morris, William,","Love is enough, or The freeing of Pharamond",FR,"Norton, in-set",1
nyp.33433076014723,not,obscure,1820,1799,m,us,41104,0.443966529202,"Sands, Robert Charles,",The writings of Robert C. Sands,,random,0
wu.89094594595,not,obscure,1891,0,f,fr,20649,0.659138745344,"Văcărescu, Elena,",The bard of the Dimbovitza,,random,0
uc2.ark+=13960=t1xd0tj53,not,obscure,1863,1832,m,uk,46164,0.321957544879,"Shipley, Orby,",Lyra eucharistica,,random,0
uc2.ark+=13960=t5k93645c,rev,known,1914,1879,m,uk,4056,0.689574028216,"Monro, Harold,",Children of love,EGO,reviewed,1
uc2.ark+=13960=t4pk0b904,not,obscure,1818,0,m,uk,14311,0.359809613123,"Briggs, John,",,,random,0
uc2.ark+=13960=t8x924t2m,not,obscure,1872,0,,,20344,0.362103353596,"Harvey, Ellen T. H.",Wilderness and Mount,,random,0
loc.ark+=13960=t0zp4md92,not,obscure,1863,1818,m,us,31705,0.438433733033,"Peterson, Henry,",Poems,,random,0
nyp.33433066626502,not,obscure,1881,1841,f,us,23422,0.471098451854,"Oberholtzer, Sara Louisa,",Come for Arbutus,,random,0
njp.32101063883340,rev,known,1829,1808,f,uk,23285,0.486114347131,"Norton, Caroline Sheridan,",The sorrows of Rosalie,GrM,reviewed,1
loc.ark+=13960=t05x2xf3v,not,obscure,1886,1838,f,us,18736,0.314438047683,"Greene, Aella,",The poetical works of Aella Greene,,random,0
uc2.ark+=13960=t16m3685r,not,obscure,1820,1791,m,uk,24679,0.534083845552,"Milman, Henry Hart,",The fall of Jerusalem,,random,0
nyp.33433045638883,not,obscure,1905,1838,m,us,31029,0.548685940054,"Hay, John,",The complete poetical works of John Hay,,random,0
uc2.ark+=13960=t9280b957,rev,obscure,1865,0,,,44630,0.621745915134,"Prideaux, Fanny Ann.",Claudia,WR,reviewed,1
njp.32101066709666,not,obscure,1833,0,m,uk,18706,0.369614653551,"Apperley, Charles Owen.","Europe, a political sketch;",,random,0
uc2.ark+=13960=t9862dr88,not,obscure,1910,1885,m,uk,5638,0.603878210733,"Campbell, Archibald Y.",Poems,,random,0
loc.ark+=13960=t9572953d,not,obscure,1874,0,,,9049,0.396450906752,"Glover, H. C.",Rights and wrongs of woman,,random,0
nyp.33433074844253,rev,obscure,1905,1876,f,uk,13496,0.693842511493,"Clifford, Ethel.",Love's journey,FR,reviewed,1
uc2.ark+=13960=t3fx7491s,not,obscure,1881,0,m,,23945,0.302296403926,"Knowles, William,",Poems,,random,0
uc2.ark+=13960=t2k64cd80,rev,known,1834,1781,m,uk,59190,0.519004968077,"Elliott, Ebenezer,",[Elliott's poems],ER,reviewed,1
loc.ark+=13960=t8gf19n4c,not,obscure,1914,1880,m,us,10849,0.443573134135,"Stott, Roscoe Gilmore.",The man sings,,random,0
uc1.b155380,rev,known,1867,1834,m,us,23470,0.532418093659,"Arnold, George,",Poems grave and gay,WR,reviewed,1
uc1.b2828936,not,obscure,1889,0,f,,15125,0.519577765025,"Robertson, Janet Logie.",New songs of innocence,,random,0
njp.32101065604579,not,obscure,1820,0,f,uk,6936,0.467582232474,"Woodcock, Henry,",Laura,,random,0
uc2.ark+=13960=t06w98f3m,not,obscure,1870,0,,,18682,0.25930234911,"Lochore, G.",Poetical recreation,,random,0
wu.89099921512,not,obscure,1860,1795,m,us,19908,0.405497712453,"Drake, Joseph Rodman,",The croakers,,random,0
uc2.ark+=13960=t9f47jv43,rev,known,1820,1793,m,uk,26731,0.408586697044,"Clare, John,",Poems descriptive of rural life and scenery,QR,"Norton, in-set",1
njp.32101067628436,rev,known,1856,1813,m,uk,34606,0.482868963183,"Aytoun, William Edmondstoune,",Bothwell,WR,reviewed,1
uc2.ark+=13960=t7br8q34d,not,obscure,1872,1818,m,uk,35669,0.4393354079,"Forsyth, William,",Idylls and lyrics,,random,0
hvd.32044010164861,not,obscure,1814,1783,m,uk,39991,0.430680152973,"Nicholson, William,",[Tales in verse,,random,0
loc.ark+=13960=t3cz3pj65,not,obscure,1873,1820,m,us,6179,0.467680661086,"Case, Leonard,",Treasure trove;,,random,0
loc.ark+=13960=t6834m35p,not,obscure,1913,1839,m,us,11181,0.487179815303,"Raymond, George Lansing,",The mountains about Williamstown,,random,0
loc.ark+=13960=t9f48bc94,not,obscure,1882,0,f,,102305,0.241842401667,"Seibert, John.",The morning star,,random,0
uc2.ark+=13960=t1ng4vw28,rev,known,1866,1825,m,uk,74785,0.540141332842,"Stigand, William,",Anthea,WR,reviewed,1
uc1.b3315087,not,known,1878,1849,m,us,26223,0.629051409893,"Riley, James Whitcomb,",The flying islands of the night,,random,0
nyp.33433074890983,rev,known,1912,1878,m,uk,33874,0.645006472955,"Masefield, John,",The story of a round-house,PMV,reviewed,1
uc2.ark+=13960=t1mg7j44g,rev,known,1890,1844,m,uk,15455,0.601341146496,"Bridges, Robert,",The shorter poems of Robert Bridges,FR,reviewed,1
njp.32101051389870,not,obscure,1887,0,m,,21698,0.350736445888,"Harrison, Harry.",Poems,,random,0
uc1.b274679,rev,known,1860,1816,m,us,17307,0.538262312714,"Lowell, Robert,",Fresh hearts that failed three thousand years ago,ATL,reviewed,1
uc1.b167383,rev,known,1887,1845,m,uk,33912,0.680865640739,"Canton, William,",A lost epic,BM,reviewed,1
inu.32000007041967,rev,known,1881,1834,m,uk,145149,0.616941011013,"Morris, William,",The story of Sigurd the Volsung and the fall of Niblungs,FR,"Norton, in-set",1
uc2.ark+=13960=t0dv1jg7s,rev,known,1871,1833,m,uk,38183,0.609335890127,"Morris, Lewis,",Songs of two worlds,FR,reviewed,1
uc1.b165960,rev,known,1855,1831,m,uk,55723,0.676273627004,"Lytton, Edward Robert Bulwer Lytton,",Clytemnestra ; The earl's return ; The artist ; and other poems,ER,reviewed,1
uc2.ark+=13960=t02z17v0j,rev,known,1872,1834,m,uk,37901,0.606328433713,"Noel, Roden,",The red flag,FR,reviewed,1
loc.ark+=13960=t4zg76m6h,rev,known,1901,1869,m,us,17507,0.683519445666,"Moody, William Vaughn,",Poems,ATL,reviewed,1
nnc1.1002356570,not,obscure,1871,0,,uk,3162,0.368158916258,anonymous5,"Verses for the people, suitable to the times, by an Englishman",,random,0
uc1.b274870,rev,known,1829,1808,f,us,25036,0.373805734094,"Davidson, Lucretia Maria,","Amir Khan, and other poems",QR,reviewed,1
uc2.ark+=13960=t3222ww5h,not,obscure,1894,1849,m,uk,6045,0.529387996153,"Image, Selwyn,",Poems & carols,,random,0
uc1.b3340220,rev,known,1918,1879,f,uk,6552,0.536322162944,"Nightingale, M.",Verses wise and otherwise,EGO,reviewed,1
loc.ark+=13960=t6m046h55,not,obscure,1867,0,,,1252,0.293561724846,"[Cameron, Hugh]",The troublesome trio,,random,0
uc2.ark+=13960=t3dz0f69d,rev,known,1860,1807,m,us,27130,0.58024140153,"Whittier, John Greenleaf,",Home ballads and poems,ATL,"Norton, in-set",1
njp.32101067172872,rev,known,1914,1886,m,uk,13705,0.655194564098,"Sassoon, Siegfried,",The old huntsman,PMV,"Norton, in-set",1
nyp.33433066601869,not,obscure,1911,1848,m,us,21244,0.468883878329,"Hough, Alfred J.",Egyptian melodies,,random,0
inu.32000000641847,rev,known,1880,1834,m,uk,29847,0.603627269143,"Thomson, James,",The city of dreadful night,FR,reviewed,1
uc1.b3335683,rev,known,1912,1878,m,uk,8301,0.73680652991,"Gibson, Wilfrid Wilson,",Fires,FR,reviewed,1
uc1.b166346,not,obscure,1837,1752,m,uk,39479,0.309921991967,"Llwyd, Richard,","The poetical works of Richard Llwyd, the Bard of Snowdon",,random,0
nyp.33433076035355,not,obscure,1842,1809,f,us,44191,0.397293320489,"Scott, Julia H. Kinney,",Poems,,random,0
uc2.ark+=13960=t58d04x2h,rev,known,1863,1836,m,us,13029,0.643231139899,"Aldrich, Thomas Bailey,",Poems,FR,reviewed,1
uc1.$b389270,not,obscure,1864,1835,m,uk,18634,0.614761968911,"Warren, John Byrne Leicester,","Eclogues and monodramas; or, A collection of verses",,random,0
loc.ark+=13960=t6n01p000,not,obscure,1886,1856,m,us,30556,0.461237949604,"Hale, William,",Shore life in song,,random,0
uc1.b4100781,rev,known,1912,1869,m,us,15242,0.633504298202,"Sterling, George,",Beyond the breakers,PMV,reviewed,1
uc2.ark+=13960=t3tt4g15h,rev,known,1886,1844,m,uk,17744,0.489006073461,"O'Reilly, John Boyle,",In Bohemia,ATL,reviewed,1
loc.ark+=13960=t6543bf6c,rev,known,1894,1862,m,us,11649,0.679598573185,"Rogers, Robert Cameron,",The wind in the clearing,ATL,reviewed,1
loc.ark+=13960=t10p1hx6j,rev,known,1916,1878,m,us,5755,0.647354360221,"Arensberg, Walter,",Idols,PMV,reviewed,1
loc.ark+=13960=t1cj90444,not,obscure,1896,1817,f,us,42296,0.368279621786,"Ramsey, V. G.",A censer;,,random,0
nyp.33433076035140,rev,known,1845,1809,m,us,22790,0.516562964201,"Poe, Edgar Allan,",Poetical Works of Edgar Allen Poe,ATL,"Norton, in-set",1
uc2.ark+=13960=t80k27j8j,rev,known,1917,1888,m,us,4392,0.683732968749,"Eliot, T. S.",Prufrock and other observations,EGO,"Norton, in-set",1
njp.32101068176153,rev,known,1886,1840,m,uk,50626,0.680313569787,"Carpenter, Henry Bernard,",Liber amoris,ATL,reviewed,1
mdp.39015004731116,rev,known,1869,1812,m,uk,77598,0.556303403024,"Browning, Robert,",The ring and the book,FR,"Norton, in-set",1
uc2.ark+=13960=t1kh0gm2b,rev,known,1870,1843,m,uk,15982,0.630518955073,"Myers, F. W. H.",Poems,BM,reviewed,1
nyp.33433074899802,not,obscure,1833,1784,m,uk,22135,0.460115826019,"Kenyon, John,",Rhymed plea for tolerance,,random,0
mdp.39015046406727,rev,known,1899,1865,m,uk,7785,0.710393995429,"Yeats, W. B.",The wind among the reeds,FR,"Norton, in-set",1
uc1.b166039,rev,known,1880,1833,m,uk,13840,0.55697771025,"Morris, Lewis,",The ode of life,ATL,reviewed,1
uva.x030800890,rev,known,1843,1798,m,uk,20470,0.479205745888,"Moir, D. M.",Domestic verses,BM,reviewed,1
uc2.ark+=13960=t27945p5k,rev,known,1901,1849,m,uk,12371,0.610291899214,"Henley, William Ernest,","Hawthorn and lavender, with other verses",ATL,"Norton, in-set",1
uc2.ark+=13960=t16m34j1k,rev,known,1854,1823,m,uk,46488,0.548167872403,"Patmore, Coventry Kersey Dighton,",The angel in the house,ER,reviewed,1
uc1.b167406,rev,known,1891,1865,m,us,23528,0.65346029132,"Cawein, Madison Julius,",Days and dreams,ATL,reviewed,1
nyp.33433074800131,rev,known,1911,1883,f,us,10627,0.508797497825,"Wilkinson, Marguerite Ogden Bigelow,",In vivid gardens; songs of the woman spirit,PMV,reviewed,1
loc.ark+=13960=t6349841r,rev,known,1864,1821,m,us,33205,0.663590380381,"Tuckerman, Frederick Goddard,",Poems,ATL,reviewed,1
nyp.33433066626783,rev,known,1890,1835,f,us,19279,0.611245546727,"Moulton, Louise Chandler,",In the garden of dreams,FR,reviewed,1
loc.ark+=13960=t0ft95k82,not,obscure,1855,0,m,us,18842,0.359117530685,"Stillman, George A.",Life-real,,random,0
uc1.b167484,rev,known,1894,1857,m,uk,14487,0.622483392147,"Davidson, John,",Ballads & songs,FR,reviewed,1
hvd.32044020453569,not,obscure,1824,1781,m,us,10927,0.416281539722,"Pickering, Henry,",Athens,,random,0
uc2.ark+=13960=t7rn35b8n,rev,known,1889,1841,f,uk,21991,0.666719252752,"Blind, Mathilde,",The ascent of man,BM,reviewed,1
uc1.b182449,rev,known,1877,1840,m,uk,20454,0.595048156232,"Dobson, Austin,","Proverbs in porcelain, and other verses",COR,reviewed,1
loc.ark+=13960=t78s5hf3h,not,obscure,1833,1775,f,uk,107985,0.294061070915,"Bulmer, Agnes (Collinson),",Messiah's kingdom,,random,0
mdp.39015012978758,rev,known,1916,1888,m,us,27745,0.6137352042,"Seeger, Alan,",Poems,EGO,reviewed,1
mdp.39015063942752,not,obscure,1827,1799,m,uk,23469,0.444544322738,"Kennedy, William,",Fitful fancies,,random,0
mdp.39015051715038,not,obscure,1912,0,,,36690,0.675591542558,anonymous1,"Georgian poetry, 1911-1912",,random,0
uc1.b167470,rev,known,1853,1832,m,uk,26857,0.559527607012,"Arnold, Edwin,","Poems, narrative and lyrical",WR,reviewed,1
uc1.b4100506,rev,known,1917,1879,m,uk,2846,0.723554743128,"Campbell, Joseph,",Earth of Cualann,EGO,reviewed,1
loc.ark+=13960=t2891sx2w,rev,known,1871,1825,m,us,36257,0.589948931923,"Stoddard, Richard Henry,","The book of the East, and other poems",ATL,reviewed,1
mdp.49015002077973,rev,known,1855,1819,m,us,99458,0.556075175167,"Whitman, Walt,",Leaves of grass,WR,"Norton, in-set",1
uc1.b3312256,not,obscure,1902,1842,m,uk,108765,0.662346972238,"Payne, John,",The poetical works of John Payne,,random,0
loc.ark+=13960=t4pk0vn19,rev,known,1913,1874,m,us,6217,0.666422076516,"Frost, Robert,",A boy's will,PMV,"Norton, in-set",1
loc.ark+=13960=t0pr8c51w,not,obscure,1828,0,f,us,14254,0.237350764515,"Jones, Elizabeth C.",Fugitive poems,,random,0
mdp.39015028372848,not,obscure,1853,1826,m,uk,20925,0.384057675595,Kālidāsa.,The birth of the war-god,,random,0
loc.ark+=13960=t81k00b4k,not,obscure,1887,0,f,,10728,0.276914667891,"Teske, T. Alcliffe.",Heart echoes,,random,0
uc2.ark+=13960=t00z73601,rev,known,1816,1793,f,uk,2540,0.224370915845,"Hemans,",The restoration of the works of art to Italy,QR,"Norton, in-set",1
loc.ark+=13960=t5q81t975,rev,known,1841,1809,m,us,19855,0.294327312935,"Earle, Pliny",Marathon,GrM,reviewed,1
uc2.ark+=13960=t8v984f2b,rev,known,1837,1806,f,uk,22492,0.405997257969,"Stuart-Wortley, Emmeline,",Fragments and fancies,QR,reviewed,1
uc2.ark+=13960=t1td9vq8p,rev,known,1889,1812,m,uk,17477,0.550095035828,"Browning, Robert,",Asolando,BM,"Norton, in-set",1
mdp.39015022679362,rev,known,1828,1793,f,uk,42321,0.529745643582,"Hemans,",Records of woman,ER,"Norton, in-set",1
nyp.33433074963582,not,obscure,1871,1834,m,us,22183,0.473756950116,"Stanton, Henry T.","The Moneyless Man, and Other Poems",,random,0
mdp.39015063919453,not,obscure,1914,1862,m,uk,30968,0.595659218141,"Gale, Norman,",Collected poems,,random,0
uc2.ark+=13960=t35140902,not,obscure,1863,0,m,uk,15434,0.422923208129,"Vaughan, Thomas,","Morah; or, The Indian wife;",,random,0
uc2.ark+=13960=t5w66g74f,rev,known,1873,1849,m,uk,25056,0.692726254029,"Gosse, Edmund,",On viol and flute,ATL,reviewed,1
loc.ark+=13960=t5q81tq24,not,obscure,1854,0,f,us,15851,0.33638049963,"Blake, Emma M.",Reliquae,,random,0
nyp.33433066649108,rev,known,1887,1831,f,us,15925,0.627697423753,"Perry, Nora,",New songs and ballads,ATL,reviewed,1
mdp.39015063947066,not,obscure,1887,1855,m,us,7385,0.238894839227,"O'Hagan, Thomas,",A gate of flowers,,random,0
nyp.33433082171996,not,obscure,1880,1836,m,us,37809,0.304984075766,"Goddard, Sextus P.","Buds, briars and berries",,random,0
loc.ark+=13960=t5k93n92j,not,obscure,1884,1831,m,us,5017,0.553708442099,"Baxter, James Phinney,",Idyls of the year,,random,0
mdp.39015039355337,rev,known,1831,1803,m,uk,68708,0.524109360654,"Lytton, Edward Bulwer Lytton,",The Siamese twins,ER,reviewed,1
loc.ark+=13960=t7jq1gj08,not,obscure,1862,1835,m,us,24027,0.445833187531,"Hewes, George Whitfield.",Ballads of the war,,random,0
uc2.ark+=13960=t0ks6pb4z,not,obscure,1824,1799,m,uk,16767,0.467203394432,"Deacon, William Frederick,",Warreniana,,random,0
uc2.ark+=13960=t4nk3bw6g,rev,known,1869,1807,m,uk,58547,0.476050576361,"Michell, Nicholas,",Sibyl of Cornwall,ATL,reviewed,1
hvd.hwjueh,not,obscure,1839,1788,m,us,24051,0.372996526807,"Emmons, Richard,",The battle of Bunker Hill,,random,0
uc1.$b439794,rev,known,1914,1886,f,us,7453,0.579013381765,"Kilmer, Joyce,",Trees,PMV,reviewed,1
loc.ark+=13960=t1kh1gk7p,rev,known,1871,1817,m,us,22016,0.540492249763,"Channing, William Ellery,",The wanderer,ATL,reviewed,1
hvd.hxgf8x,not,obscure,1820,1775,m,uk,13758,0.330831003696,"Watson, James,",The spirit of the doctor,,random,0
uc1.b3579606,rev,known,1901,1844,m,us,6923,0.524370987712,"Gilder, Richard Watson,",Poems and inscriptions,ATL,reviewed,1
nyp.33433074826789,not,obscure,1911,1855,m,us,25172,0.515429369783,"Warman, Cy,",Songs of Cy Warman,,random,0
uc1.b4100495,rev,known,1915,1880,m,uk,8344,0.61665953188,"Stephens, James,",Songs from the clay,PMV,reviewed,1
hvd.hx5ei3,not,obscure,1842,1787,m,us,44315,0.210391168936,"Foster, Nathan Lanesford,",The last of his family;,,random,0
uc1.b165755,not,obscure,1881,1863,f,us,22328,0.668311539488,"Eastman, Elaine Goodale,",All round the year,,random,0
nyp.33433075789499,rev,known,1913,1878,f,us,38862,0.686974420015,"Evans, Florence Wilkinson.",The ride home;,PMV,reviewed,1
uc1.b2831659,not,obscure,1886,0,,,22389,0.384078200962,anonymous3,Chimes from a poet's belfrey,,random,0
uc2.ark+=13960=t87h1kw4b,rev,known,1896,1867,m,uk,11226,0.580332019917,"AE,",The earth breath and other poems,FR,reviewed,1
mdp.39015066062160,rev,known,1896,1859,m,uk,10220,0.603482811137,"Housman, A. E.",A Shropshire lad,FR,"Norton, in-set",1
nyp.33433075805881,not,obscure,1824,1799,m,us,38060,0.333030927959,"Doane, George Washington,",Songs by the way;,,random,0
uc1.b182492,not,obscure,1893,1822,m,us,15885,0.435333590416,"Hale, Edward Everett,",For fifty years;,,random,0
uc1.b167500,rev,known,1855,1816,m,uk,30552,0.461159770633,"Bailey, Philip James,",The mystic and other poems,ER,reviewed,1
uc2.ark+=13960=t1xd0s923,rev,known,1854,1823,m,uk,34080,0.534079125199,"Patmore, Coventry Kersey Dighton,",The angel in the house,ER,reviewed,1
umn.31951d008327233,not,obscure,1874,1838,m,us,11713,0.239150121687,"Hall, C. A.","Songs for the Grange, dedicated to the Order of Patrons of Husbandry in the United States",,random,0
loc.ark+=13960=t40s0mt4z,rev,known,1914,1860,f,us,25210,0.608269427356,"Monroe, Harriet,",You and I,EGO,reviewed,1
uc2.ark+=13960=t06w9c11h,rev,known,1869,1835,m,uk,10491,0.483268386949,"Garnett, Richard,",Idylls and epigrams,FR,reviewed,1
uc1.b3810610,rev,known,1907,1881,m,uk,4770,0.652143921525,"Colum, Padraic,",Wild earth;,TNA,reviewed,1
njp.32101067632925,not,obscure,1873,1840,m,uk,24077,0.641715855087,"Dobson, Austin,",Vignettes in rhyme and vers de société (now first collected),,random,0
uc2.ark+=13960=t4cn71f36,rev,known,1907,1865,m,uk,22430,0.598392824116,"Ainslie, Douglas,",Mirage,FR,reviewed,1
loc.ark+=13960=t9r21qp19,rev,known,1875,1844,m,us,8742,0.681636514311,"Gilder, Richard Watson,",The new day,ATL,reviewed,1
loc.ark+=13960=t0sq9fz3z,rev,known,1843,1795,m,us,40749,0.400267191439,"Percival, James Gates,",Dream of a day,GrM,reviewed,1
uc1.b119795,rev,known,1831,1775,m,uk,37310,0.53495783418,"Landor, Walter Savage,","Gebir, Count Julian, and other poems",QR,reviewed,1
uc2.ark+=13960=t5bc3tb51,rev,known,1880,1852,m,us,21677,0.398731060893,"Peacock, Thomas Brower,",The rhyme of the border war,ATL,reviewed,1
loc.ark+=13960=t8cf9tk39,not,obscure,1880,1846,m,us,30452,0.245415288893,"Kyner, James Henry,","Odes, hymns and songs of the G. A. R",,random,0
nyp.33433075741672,not,obscure,1905,1841,f,us,10336,0.340682873964,"Thomas, Cynthia D. Harvey,",Light in the cloud,,random,0
loc.ark+=13960=t0gt62k04,not,obscure,1902,1839,f,us,18636,0.329514585223,"Wilder, Cordelia Beardsley.",Kitchen visits with the muses,,random,0
loc.ark+=13960=t95720v25,rev,known,1872,1835,f,us,10010,0.679469604581,"Thaxter, Celia,",Poems,ATL,reviewed,1
njp.32101068170776,rev,known,1865,1819,f,us,32045,0.502578312579,"Howe, Julia Ward,",Later lyrics,ATL,reviewed,1
loc.ark+=13960=t7zk64j0c,rev,known,1904,1860,m,us,9573,0.638676197846,"Sherman, Frank Dempster,",Lyrics of joy,ATL,reviewed,1
mdp.39015063880127,rev,known,1859,1830,m,us,32320,0.532581635824,"Hayne, Paul Hamilton,",Avolio;,ATL,reviewed,1
njp.32101068972833,not,obscure,1831,0,m,uk,66128,0.31765309769,"Law, James Sylvius.","The wrongs of Ireland historically reviewed, from the invasion to the present time",,random,0
uc2.ark+=13960=t57d2tm7m,rev,known,1819,1793,f,uk,29118,0.333323518675,"Hemans,",Tales and historic scenes in verse,QR,"Norton, in-set",1
nyp.33433074800222,not,obscure,1858,0,m,us,24463,0.39760788892,"Willie,",College poems,,random,0
uc2.ark+=13960=t56d5wq45,rev,known,1902,1866,f,uk,19873,0.621666322997,"MacManus, Anna,",The four winds of Eirinn,FR,reviewed,1
njp.32101064787359,rev,known,1828,1784,m,uk,25387,0.310133820729,"Barton, Bernard,",A New Year's Eve and Other Poems,WR,reviewed,1
uc2.ark+=13960=t0vq2v44m,rev,known,1904,1856,f,uk,18676,0.67808980889,"Woods, Margaret L.",Poems old and new,FR,reviewed,1
nyp.33433074907142,rev,known,1847,1799,f,uk,52680,0.557425881411,"Howitt, Mary Botham,",Ballads and other poems,WR,reviewed,1
loc.ark+=13960=t5k93s006,not,obscure,1854,1819,m,us,33464,0.54523084391,"Taylor, Benjamin Franklin,",January and June,,random,0
nyp.33433082169420,rev,known,1881,1824,f,us,37735,0.60206125273,"Larcom, Lucy,",Wild roses of Cape Ann,ATL,reviewed,1
uc2.ark+=13960=t6057k293,not,obscure,1830,0,,uk,27261,0.354133428449,anonymous9,Sketches of bandit life;,,random,0
uc2.ark+=13960=t3ws8kz7m,rev,known,1898,1859,f,uk,8260,0.682317914841,"Tynan, Katharine,",The wind in the trees;,FR,reviewed,1
nyp.33433082501119,not,obscure,1902,0,,,13723,0.451601780317,"Molina, Julia Wolff.","Mingled sweets and bitters; or, My legacy",,random,0
hvd.32044058223066,rev,known,1833,1796,m,uk,27029,0.489521395399,"Coleridge, Hartley,",Poems,QR,reviewed,1
hvd.hnpeas,not,obscure,1833,1796,m,uk,22815,0.380114094949,"Markham, Alexander.",The avenged bride;,,random,0
uc2.ark+=13960=t4bp02m37,rev,known,1865,1841,m,uk,39813,0.669756954701,"Buchanan, Robert Williams,",Idyls and legends of Inverburn,FR,reviewed,1
njp.32101066457365,not,obscure,1860,1827,m,uk,25538,0.554325612902,"Collins, Mortimer,",Summer songs,,random,0
uc2.ark+=13960=t9p26w55v,rev,known,1878,1831,f,uk,72318,0.545988600456,"Phillips, Susan K.",On the seaboard,COR,reviewed,1
nyp.33433074907209,not,obscure,1831,1804,m,us,21871,0.498820321643,"Hawley, W. F.",The unknown;,,random,0
uc1.b3345658,rev,obscure,1912,0,f,uk,23102,0.634206634243,"Sweeny, Mildred M' Neal.","Men of no land, and other poems",PMV,reviewed,1
uc2.ark+=13960=t1cj8g26m,rev,known,1908,1871,m,uk,10692,0.610759871808,"Davies, W. H.",Nature poems and others,FR,reviewed,1
wu.89083865741,rev,known,1904,1852,m,us,12206,0.507011099502,"Van Dyke, Henry,","Music, and other poems",ATL,reviewed,1
uc1.b3576647,rev,known,1897,1865,m,uk,10064,0.732498147637,"Symons, Arthur,",Amoris victima,SAV,reviewed,1
nyp.33433074866819,not,obscure,1869,1825,m,uk,94527,0.482493431322,"Bickersteth, Edward Henry,","Yesterday, to-day, and for ever",,random,0
miun.abr7660.0001.001,rev,known,1918,1873,m,uk,11133,0.590553618376,"Ford, Ford Madox,","On Heaven, and poems written on active service",EGO,reviewed,1
uc2.ark+=13960=t6qz27440,rev,obscure,1866,0,,,27889,0.399023935888,"Butchers, S. M.",A waif on the stream,WR,reviewed,1
loc.ark+=13960=t1cj8vs53,not,obscure,1902,1840,f,us,5145,0.414722378938,"Welsh, Mary Elizabeth,",Kapiolani;,,random,0
nyp.33433069343402,rev,known,1887,1841,m,us,12824,0.657309110725,"Sill, Edward Rowland,",Poems,ATL,reviewed,1
nyp.33433074955141,rev,known,1842,1809,m,uk,32710,0.654131010854,"Tennyson, Alfred Tennyson,",Poems in two volumes,GrM,"Norton, in-set",1
njp.32101013202740,rev,known,1890,1865,m,uk,32108,0.55499309329,"Kipling, Rudyard,",Barrack-room ballads,FR,"Norton, in-set",1
loc.ark+=13960=t55d9m11n,not,obscure,1881,1821,m,us,15434,0.291324450468,"Eckerson, Theodore John.",When my ship comes in,,random,0
uc2.ark+=13960=t8bg2n21x,rev,known,1889,1861,f,uk,7864,0.659607899536,"Levy, Amy,",A London plane-tree,BM,reviewed,1
loc.ark+=13960=t6tx46241,rev,known,1872,1826,f,us,16442,0.562411493488,"Turner, Eliza (Sproat)",Out-of-door rhymes,ATL,reviewed,1
njp.32101067629178,rev,known,1886,1850,m,us,8819,0.611850360623,"Bates, Arlo,",Berries of the brier,ATL,reviewed,1
loc.ark+=13960=t2891sf2m,rev,known,1886,1835,f,us,11622,0.647443945604,"Thaxter, Celia,","The cruise of the Mystery, and other poems",ATL,reviewed,1
uc2.ark+=13960=t3kw59z20,rev,known,1902,1865,m,us,11385,0.68817844117,"Cawein, Madison Julius,",A voice on the wind,ATL,reviewed,1
uc2.ark+=13960=t0ft8gj1k,rev,known,1918,1889,m,uk,14806,0.623936921754,"Faber, Geoffrey,",In the valley of vision,EGO,reviewed,1
wu.89098011836,not,obscure,1878,1859,f,us,14332,0.395231340857,"Bell, Lura,",Echoes of time and tide,,random,0
loc.ark+=13960=t46q2j373,not,obscure,1878,1842,f,us,17485,0.422838764648,"Jones, Julia Clinton.",Valhalla,,random,0
uc2.ark+=13960=t9g44q082,rev,known,1846,1814,m,uk,60330,0.504060912344,"Mackay, Charles,",Voices from the crowd;,WR,reviewed,1
nyp.33433075808877,not,obscure,1901,1862,m,us,18480,0.406266155157,"McMahon, Patrick Maurice,",From fair Hawaiiland;,,random,0
loc.ark+=13960=t2891p34v,rev,known,1891,1859,f,us,11627,0.679848515875,"Cone, Helen Gray,",The ride to the lady,ATL,reviewed,1
uc2.ark+=13960=t14m91w7c,not,obscure,1895,1863,m,uk,8242,0.616015671742,"Groser, Horace George.",Little folks land,,random,0
loc.ark+=13960=t0tq6gq3d,rev,known,1868,1824,f,us,35192,0.546081904781,"Larcom, Lucy,",Poems,ATL,reviewed,1
loc.ark+=13960=t41r7d74g,rev,known,1881,1848,m,uk,40511,0.674298798598,"Rossetti, Dante Gabriel,",Ballads and sonnets,MM,"Norton, in-set",1
nyp.33433075807317,rev,known,1893,1869,m,us,14467,0.565697780695,"McCulloch, Hugh,",The quest of Heracles and other poems,ATL,reviewed,1
uc2.ark+=13960=t06w96n8w,rev,known,1871,1836,m,us,13548,0.53925433599,"Winter, William,",My witness,ATL,reviewed,1
njp.32101068168077,not,obscure,1880,1826,f,uk,85768,0.602779918042,"Craik, Dinah Maria Mulock,",Thirty years,,random,0
uc2.ark+=13960=t2z31pm6p,rev,known,1841,1791,f,us,51295,0.426471470246,"Sigourney, L. H.","Pocahontas, and other poems",GrM,reviewed,1
uc2.ark+=13960=t09w0f810,not,obscure,1825,0,f,uk,12718,0.276242441925,"Cursham, Mary Anne.",Martin Luther,,random,0
uc2.ark+=13960=t8qc01599,rev,known,1911,1871,m,uk,9949,0.639473979623,"Davies, W. H.",Songs of joy and others,FR,reviewed,1
loc.ark+=13960=t5r78vm8q,not,obscure,1866,0,,,9422,0.271171130915,"Almy, Annie Whittier.",Early poems,,random,0
njp.32101068138765,rev,known,1844,1806,f,uk,37594,0.616457801652,"Browning, Elizabeth Barrett,",A drama of exile,WR,"Norton, in-set",1
loc.ark+=13960=t4dn4r64d,rev,known,1897,1833,m,us,25362,0.552919011087,"Stedman, Edmund Clarence,","Poems, now first collected",ATL,reviewed,1
loc.ark+=13960=t9d519g22,not,obscure,1883,1818,m,us,21614,0.284037390547,"Underwood, John,",El muza,,random,0
uc2.ark+=13960=t8x927004,not,obscure,1859,0,m,uk,16236,0.251509946528,"Beer, John T.",Miscellaneous poems,,random,0
mdp.39015030841830,not,obscure,1898,1878,m,us,17309,0.455900850857,anonymous2,Vermont verse,,random,0
loc.ark+=13960=t7qn6kz4k,not,obscure,1866,1839,m,us,9974,0.392472542829,"Crider, Henry M.,",Pedagogics,,random,0
uc1.b255800,not,obscure,1877,0,f,uk,21351,0.44562756708,"Budge, Jane,",Poems.,,random,0
mdp.39015051363565,rev,known,1869,1812,m,uk,86893,0.567537831987,"Browning, Robert,",The ring and the book,FR,"Norton, in-set",1
uc2.ark+=13960=fk57d2qj4c,rev,known,1910,1869,m,us,10290,0.589923215223,"Robinson, Edwin Arlington,",The town down the river,FR,"Norton, in-set",1
uc1.b166949,rev,known,1866,1830,f,uk,20018,0.660579266899,"Rossetti, Christina Georgina,",The prince's progress and other poems,WR,"Norton, in-set",1
nyp.33433075742266,rev,known,1883,1844,m,us,8610,0.686315102163,"Thompson, Maurice,",Songs of fair weather,ATL,reviewed,1
mdp.39015063926003,not,obscure,1910,1871,f,us,4231,0.576625616712,"Ranum, Louise Cann,",Dreams,,random,0
njp.32101040128652,rev,known,1835,1801,m,uk,8427,0.391287356872,"Moxon, Edward,",Sonnets,QR,reviewed,1
mdp.39015030659935,rev,known,1902,1844,m,uk,9001,0.455821913954,"Bridges, Robert,",Bramble Brae,ATL,reviewed,1
njp.32101067631919,not,obscure,1837,0,m,uk,18780,0.491830657817,"Dearden, William,",The star-seeker,,random,0
loc.ark+=13960=t8jd5j56r,not,obscure,1916,1871,m,us,20258,0.499670437467,"Keeler, Charles Augustus,",The victory: poems of triumph,,random,0
loc.ark+=13960=t5t72zr45,not,obscure,1879,1863,f,us,7636,0.705375785873,"Eastman, Elaine Goodale,",In Berkshire with the wild flowers,,random,0
uc2.ark+=13960=t0bv7gp3c,not,obscure,1874,0,,,28772,0.442658552074,anonymous4,Lays of the Belvoir Hunt,,random,0
uc1.b2834136,not,obscure,1892,1846,f,uk,33043,0.413967295587,"Kinloch, Marjory G. J.",A song-book of the soul,,random,0
mdp.39015060438739,not,obscure,1856,1814,m,uk,19201,0.328413912372,"Hiller, O. Prescott",The pleasures of religion and other poems,,random,0
nyp.33433066569447,not,obscure,1913,1886,m,us,4644,0.438161925301,"Seitz, Howard Buckwalter,",Aeolic lyrics,,random,0
uc1.b4382847,rev,known,1891,1856,f,us,11302,0.808290018035,"Reese, Lizette Woodworth,",A handful of lavender,ATL,reviewed,1
hvd.hnmy3p,not,obscure,1835,0,m,uk,4394,0.294562103422,"Copleston, John Gay.",Lynmouth;,,random,0
loc.ark+=13960=t7sn0q200,not,obscure,1860,1812,m,us,18887,0.411735869798,"Chapman, George Walton,",A tribute to Kane,,random,0
nyp.33433074906813,not,obscure,1829,1783,m,uk,28191,0.36182845828,"Heber, Reginald,",Poems,,random,0
uva.x000169685,rev,known,1874,1820,m,uk,8049,0.415201960464,"Rankine, William John Macquorn,",Songs and fables,BM,reviewed,1
nnc1.50196709,rev,known,1855,1815,m,uk,16716,0.538590123697,"Boner, Charles,",Cain,WR,reviewed,1
njp.32101067628659,rev,known,1893,1860,m,uk,4361,0.631802061475,"Barlas, John Evelyn,",Selections from Songs of a bayadere and Songs of a troubadour,YB,reviewed,1
nyp.33433066571302,not,obscure,1887,1853,f,us,28351,0.356827279476,"Read, Jane Maria,",Between the centuries and other poems,,random,0
loc.ark+=13960=t8cg05x2c,rev,known,1867,1803,m,us,6236,0.630276528838,"Calvert, George Henry,",Ellen: a poem for the times,ATL,reviewed,1
uc2.ark+=13960=t4cn74b90,rev,known,1861,1816,m,uk,41101,0.500293620661,"Maunsell, George Edmond.",Poems,WR,reviewed,1
nyp.33433066626338,not,obscure,1870,1825,m,us,39729,0.330091156612,"Nash, Gilbert,",Bay leaves,,random,0
loc.ark+=13960=t91846423,not,obscure,1901,1876,m,us,7938,0.415224123524,"Smith, Robinson,",The soul-at-arms and other poems,,random,0
uc2.ark+=13960=t9h41kc6j,not,obscure,1885,1856,f,us,15943,0.270988679564,"Jordan, Margaret E.",Echoes from the pines,,random,0
uc2.ark+=13960=t41r6ng25,not,obscure,1912,1874,m,us,38455,0.521164083679,"Underwood, John Curtis,",Americans,,random,0
uc2.ark+=13960=t6057k92v,not,obscure,1871,1830,m,uk,2575,0.617016873796,"Kingsley, Henry,",The lost child,,random,0
loc.ark+=13960=t1zc8cv86,not,obscure,1902,1857,f,us,7994,0.408557187132,"Van Cleve, Alice Davis. [from old catalog]",The Queen's rosary,,random,0
uc2.ark+=13960=t0wp9zm0t,rev,known,1848,1802,m,uk,96582,0.561421300789,"Aird, Thomas,",The poetical works of Thomas Aird,BM,reviewed,1
mdp.39015031228516,rev,known,1907,1871,m,uk,9761,0.609118087406,"Davies, W. H.",New poems,FR,reviewed,1
nyp.33433076030117,not,obscure,1833,1808,m,us,8902,0.383644310437,"Clark, Willis Gaylord,",The spirit of life;,,random,0
nyp.33433066644828,not,obscure,1915,1876,m,us,19720,0.414168648305,"Sanford, J. E.","His one tune, and a few others",,random,0
loc.ark+=13960=t3vt2bg76,not,obscure,1882,1814,f,uk,1390,0.447466731954,"[Valentine, Laura Jewry,",The tempest,,random,0
uc2.ark+=13960=t88g8mb7n,not,obscure,1892,0,m,uk,8931,0.423994279998,"Daniel, H. C.",Love's minstrel,,random,0
loc.ark+=13960=t47p9ff2j,not,obscure,1901,1836,m,us,15120,0.545382885833,"Blood, Henry Ames,",Selected poems of Henry Ames Blood,,random,0
nyp.33433075835557,not,obscure,1864,1829,m,us,100010,0.426348410724,"Halpine, Charles G.",Poetical works of Charles G. Halpine (Miles O'Reilly),,random,0
njp.32101041423706,rev,known,1861,1788,m,uk,174463,0.549809163632,"Atherstone, Edwin,",Israel in Egypt,WR,reviewed,1
uc2.ark+=13960=t0ht2j42v,rev,known,1914,1894,m,uk,4039,0.736102861441,"Rodker, John,",Poems,EGO,reviewed,1
loc.ark+=13960=t6rx9vf7j,not,obscure,1913,0,,,10467,0.395660219982,"Courtney, T. Alcliffe.",Songs of love,,random,0
nyp.33433066643903,rev,known,1879,1838,f,us,21552,0.548021867673,"Bates, Charlotte Fiske,","Risk, and other poems",ATL,reviewed,1
loc.ark+=13960=t5k93s659,rev,known,1894,1844,m,us,20789,0.600142764364,"Williams, Francis Howard,",The flute-player and other poems,ATL,reviewed,1
loc.ark+=13960=t2w38b121,not,obscure,1860,0,,,20274,0.409849569974,"Coutts, W. G. [from old catalog]",The games,,random,0
uc2.ark+=13960=t04x56q61,rev,known,1884,1857,f,uk,18189,0.68660218881,"Robinson, A. Mary F.",The new Arcadia and other poems,ATL,reviewed,1
njp.32101067646750,rev,known,1864,1835,f,us,16221,0.485568458857,"Hooper, Lucy Hamilton,",Poems;,ATL,reviewed,1
uc2.ark+=13960=t5h98zx14,rev,known,1912,1874,f,us,14251,0.618638783698,"Lowell, Amy,",A dome of many-colored glass,EGO,"Norton, in-set",1
mdp.39015063915642,not,obscure,1916,1880,m,uk,7020,0.645112286101,"Bashford, H. H.",Songs out of school,,random,0
nnc1.cu54856230,not,obscure,1912,1836,m,us,18723,0.423033644456,"Gladden, Washington,","Ultima veritas, and other verses",,random,0
mdp.39015070462083,not,obscure,1828,1788,m,uk,7260,0.470002279709,"Bird, James,",Dunwich;,,random,0
nyp.33433076031099,not,obscure,1843,1787,f,us,132134,0.354386669342,"Davidson, Margaret Miller,",Selections from the writings of Mrs. Margaret M. Davidson,,random,0
uc2.ark+=13960=t3bz6276h,rev,known,1880,1827,f,us,11200,0.593829828764,"Greenough, Richard S.,",Mary Magdalene,ATL,reviewed,1
njp.32101066693696,not,obscure,1835,0,,us,11983,0.284367758565,anonymous8,"A Glance at the nations, with other poems",,random,0
njp.32101073982710,rev,known,1853,1806,f,uk,78657,0.629652494142,"Browning, Elizabeth Barrett,",Poems,WR,"Norton, in-set",1
loc.ark+=13960=t2s475v8n,not,obscure,1894,0,m,,11359,0.230894806738,"Battersby, John H. [from old catalog]",Poems patriotic,,random,0
loc.ark+=13960=t5cc1g772,rev,known,1871,1819,m,us,11045,0.568722452613,"Greene, William Batchelder,",Imogen,ATL,reviewed,1
uc1.b3315106,rev,known,1860,1816,m,us,24231,0.42513151045,"Saxe, John Godfrey,",The money-king,ATL,reviewed,1
uc2.ark+=13960=t8cf9nt5b,not,obscure,1816,1771,m,uk,2437,0.388252736855,"Montgomery, James,","Verses to the memory of the late Richard Reynolds, of Bristol",,random,0
uc2.ark+=13960=t5q81605q,not,obscure,1914,1875,f,us,10783,0.53601743747,"Morgan, Angela.",The hour has struck;,,random,0
loc.ark+=13960=t01z4v628,not,obscure,1916,0,m,,12126,0.415819720732,"Havener, William Alexander.",Evening pastimes,,random,0
uc2.ark+=13960=t0tq5ww75,rev,known,1874,1803,m,uk,44904,0.56772955643,"Lytton, Edward Robert Bulwer Lytton,",Fables in song,FR,reviewed,1
uc2.ark+=13960=t75t3n448,not,obscure,1873,1849,m,uk,16213,0.356223939875,"Stewart, William John.",Scattered leaflets,,random,0
nyp.33433076020795,not,obscure,1867,0,,,53986,0.430028612537,"Wentworth, May.",Poetry of the Pacific,,random,0
uc2.ark+=13960=t3610z72h,not,obscure,1893,1865,m,us,12617,0.456364441946,"Merkley, George Earle,",Canadian melodies and poems,,random,0
nyp.33433075741730,rev,known,1867,1825,m,us,32286,0.618186661018,"Taylor, Bayard,",The picture of St. John,FR,reviewed,1
loc.ark+=13960=t6pz5q631,not,obscure,1845,0,f,us,18091,0.241567612111,"De Windt, Caroline Amelia Smith.",Melzinga,,random,0
hvd.32044077933034,rev,known,1833,1793,m,uk,18243,0.363735412283,"Lyte, Henry Francis,",Poems,ER,reviewed,1
njp.32101032484253,not,obscure,1865,1844,m,us,4322,0.341316417275,"Birdseye, George W.,",Woman and the war,,random,0
nyp.33433074849005,not,obscure,1859,1831,m,uk,17119,0.513375284531,"Farrar, F. W.",Lyrics of life,,random,0
uc1.b165933,rev,known,1854,1828,m,uk,43089,0.477102849424,"Massey, Gerald,",The ballad of Babe Christabel,ER,reviewed,1
nyp.33433074891130,not,obscure,1903,1880,m,uk,20609,0.669255653388,"Noyes, Alfred,",The flower of old Japan,,random,0
mdp.39015063542537,rev,known,1873,1835,m,uk,14740,0.586757117287,"Austin, Alfred,",Madonna's child,FR,reviewed,1
loc.ark+=13960=t3029c41j,rev,known,1914,1873,m,us,15962,0.600026299002,"Clarke, George Herbert,",At the shrine,PMV,reviewed,1
nnc1.1002223996,not,obscure,1819,0,m,us,2684,0.257430723322,"Scott, Moses Y.",The deaf and dumb;,,random,0
loc.ark+=13960=t8w95rc5h,not,obscure,1904,1830,m,,30956,0.447309031748,"St. John, Charles Henry.",The dawn of freedom;,,random,0
uc2.ark+=13960=t23b5z68r,not,obscure,1914,0,,,17677,0.474805802992,"Burton, H. Bindon.","Eölsyné, and other poems",,random,0
uc2.ark+=13960=t5h99f43z,rev,known,1834,1781,m,uk,28928,0.482548297097,"Elliott, Ebenezer,",[Elliott's poems],ER,reviewed,1
uc1.b798791,rev,known,1879,1838,m,us,57351,0.458900700015,"Ryan, Abram Joseph,",Father Ryan's poems,ATL,reviewed,1
nyp.33433069354185,not,obscure,1896,1845,m,us,20612,0.368605022119,"Pitcher, James,",The hermit of Moss Pond,,random,0
uc1.b166356,not,obscure,1866,1822,m,uk,78492,0.531474993333,"Leighton, Robert,",Poems,,random,0
uc2.ark+=13960=t3pv6fg49,not,obscure,1820,1761,m,us,23086,0.316115054778,"Johnstone, John,",Poems on various subjects;,,random,0
njp.32101068175072,rev,known,1871,1825,m,us,40019,0.484559149639,"Butler, William Allen,",Poems,ATL,reviewed,1
uc2.ark+=13960=t07w6cd1m,rev,known,1895,1860,f,uk,11023,0.720738329527,"Watson, Rosamund Marriott,",Vespertilia and other verses,YB,reviewed,1
loc.ark+=13960=t5p84vh35,rev,known,1855,1807,m,us,38531,0.601071509481,"Longfellow, Henry Wadsworth,",The song of Hiawatha,GrM,"Norton, in-set",1
uc2.ark+=13960=t3fx7436h,rev,known,1849,1809,m,uk,26573,0.59486660458,"Tennyson, Alfred Tennyson,",In memoriam,ER,"Norton, in-set",1
uc2.ark+=13960=t3707xn1m,rev,known,1902,1873,m,us,11100,0.516474396022,"Carryl, Guy Wetmore,",Grimm tales made gay,ATL,reviewed,1
loc.ark+=13960=t4bp0rb8b,not,obscure,1912,1869,f,us,16073,0.604450910896,"Goodwin, Grace Duffield.",Horizon songs,,random,0
loc.ark+=13960=t8df7d08p,rev,known,1893,1856,m,us,13366,0.578235880557,"Hayne, William Hamilton,",Sylvan lyrics and other verses,ATL,reviewed,1
mdp.39015008296884,not,known,1918,1878,m,uk,14637,0.702475336007,"Thomas, Edward,",Last poems,,"Norton, in-set",0
uc2.ark+=13960=t4pk0c98d,rev,known,1872,1811,m,uk,117966,0.555739133368,"Domett, Alfred,",Ranolf and Amohia,FR,reviewed,1
uc2.ark+=13960=t71v5dh7m,not,obscure,1896,1860,m,au,10742,0.411065861786,"Main, William.",Bush solitudes and other verses,,random,0
uc2.ark+=13960=t17m08m38,not,obscure,1840,1809,m,uk,8990,0.597042503505,"Hanmer, John Hanmer,",Sonnets,,random,0
njp.32101066109255,not,obscure,1894,1861,m,us,9647,0.541351194095,"Partridge, William Ordway,",Song-life of a sculptor,,random,0
hvd.hwkq93,rev,known,1840,1808,f,uk,46679,0.524340721396,"Norton, Caroline Sheridan,",The dream,GrM,reviewed,1
loc.ark+=13960=t7dr3dz91,not,obscure,1901,1881,f,us,17970,0.343243974248,"Pickett, Anita Trueman,",Philo-sophia;,,random,0
mdp.39015030719945,rev,known,1912,1884,f,us,19181,0.678215362515,"Widdemer, Margaret.","Factories, poems",PMV,reviewed,1
mdp.39015063920428,not,obscure,1887,1828,f,us,29835,0.273380555762,"Kail, Mary E.,",Crown our heroes,,random,0
uc2.ark+=13960=t5n877k3f,rev,known,1853,1824,m,uk,64597,0.668577693313,"Dobell, Sydney,",Balder,WR,reviewed,1
uc1.b4410403,rev,known,1888,1819,m,us,36292,0.590275433344,"Lowell, James Russell,",Heartsease and rue,FR,"Norton, in-set",1
nyp.33433076030042,rev,known,1840,1819,m,us,29020,0.495979100106,"Cone, Spencer Wallace,",The proud ladye,GrM,reviewed,1
loc.ark+=13960=t3417h040,not,obscure,1853,1789,f,us,39374,0.433536848729,"Gould, Hannah F[lagg],","The mother's dream, and other poems",,random,0
loc.ark+=13960=t6737bz3f,not,obscure,1872,1817,f,us,32020,0.362523032914,"Ramsey, V. G.",A legend of the White Hills,,random,0
loc.ark+=13960=t0ms46c3p,not,obscure,1914,1876,m,us,9739,0.358955991616,"Maxwell, George Madison,","Bare-foot days, and other poems",,random,0
uc2.ark+=13960=t42r3t80r,rev,known,1873,1830,m,uk,18253,0.513947470741,"Brown, T. E.",Betsy Lee,ATL,reviewed,1
nyp.33433074901194,not,obscure,1897,1861,m,uk,21518,0.592605499497,"Howard, Henry Newman,",Footsteps of Proserpine and other verses and interludes,,random,0
loc.ark+=13960=t77s88w2s,rev,known,1902,1857,f,us,6848,0.690758000225,"Wetherald, A. Ethelwyn.",Tangled in stars;,ATL,reviewed,1
mdp.39015048998879,not,obscure,1885,1851,f,us,74286,0.612117337966,"Hapgood, Isabel Florence,",The epic songs of Russia,,random,0
mdp.39015025920235,rev,known,1823,1763,m,uk,45325,0.558008976579,"Rogers, Samuel,","Italy, a poem",QR,reviewed,1
loc.ark+=13960=t18k7vr3q,rev,known,1887,1847,m,us,12638,0.480722930629,"Roche, James Jeffrey,",Songs and satires,ATL,reviewed,1
loc.ark+=13960=t20c5r23g,not,obscure,1868,1811,m,us,8515,0.505286807402,"Palmer, James Croxall,",Antarctic mariner's song,,random,0
